MX2,MX1,4008MX,5,HERBALIFE NUMERO 1 - CHOCO MIX SABOR MOKACCINO,3710054368,5710033008,38,288622504,29-nov-19,30-nov-19,12,12,999492H05,02-APR-21,Active,JB Hunt,,MX1
MX2,MX1,2644MX,2,XTRA SHAKE SABOR A NUEZ,3710054368,5710033008,28,288622504,29-nov-19,30-nov-19,12,12,999554G02,31-may-21,Active,JB Hunt,,MX1
MX2,MX1,299A,0,HLN TABLET BOX-SMALL-7 CMP (SET OF 10),3710054368,5710033008,47,288622504,29-nov-19,30-nov-19,10,,,,,JB Hunt,,MX1
MX2,MX1,7056MX,2,TOTE BAG,3710054365,5710033007,67,288622503,29-nov-19,30-nov-19,15,,,,,JB Hunt,,MX1
MX2,MX1,4000MX,6,HERBALIFE NUMERO 1 SABOR COOKIES & CREAM,3710054361,5710033006,4,288622502,29-nov-19,30-nov-19,252,252,D99607D06,25-jul-21,Active,JB Hunt,,MX1
MX2,MX1,0370MX,9,CELL-U-LOSS,3710054365,5710033007,21,288622503,29-nov-19,30-nov-19,60,60,369613C09,14-jun-21,Active,JB Hunt,,MX1
MX2,MX1,0964MX,3,THERMOJETICS CONCENTRADO DE HIERBAS  G,3710054361,5710033006,7,288622502,29-nov-19,30-nov-19,72,72,D99521M03,17-APR-21,Active,JB Hunt,,MX1
MX2,MX1,2641MX,7,XTRA SHAKE,3710054361,5710033006,25,288622502,29-nov-19,30-nov-19,60,60,999556C07,05-jun-21,Active,JB Hunt,,MX1
MX2,MX1,2792MX,4,HERBALIFE NUMERO 1 BARRA EXPRESS SABOR COOKIES & CREAM,3710054361,5710033006,35,288622502,29-nov-19,30-nov-19,12,12,LK29560A04,09-jun-20,Active,JB Hunt,,MX1
MX2,MX1,0766MX,2,HERBALIFE SKIN LIMPIADOR CITRICO PARA LA PIEL,3710054361,5710033006,49,288622502,29-nov-19,30-nov-19,8,8,579498D02,31-mar-21,Active,JB Hunt,,MX1
MX2,MX1,0963MX,4,THERMOJETICS CONCENTRADO DE HIERBAS  51 G,3710054365,5710033007,23,288622503,29-nov-19,30-nov-19,336,336,D99590V04,27-jun-21,,JB Hunt,,MX1
MX2,MX1,2131MX,1,N-R-G TE SABOR MANZANA VERDE,3710054365,5710033007,40,288622503,29-nov-19,30-nov-19,120,120,D99606F01,22-jul-21,Active,JB Hunt,,MX1
MX2,MX1,1019MX,20,HERBAL ALOE CONCENTRADO,3710054368,5710033008,1,288622504,29-nov-19,30-nov-19,132,132,999660A20,16-sep-21,,JB Hunt,,MX1
MX2,MX1,3100MX,23,FLORAFIBER,3710054368,5710033008,5,288622504,29-nov-19,30-nov-19,10,10,C29460G23,28-feb-21,Active,JB Hunt,,MX1
MX2,MX1,2641MX,7,XTRA SHAKE,3710054368,5710033008,21,288622504,29-nov-19,30-nov-19,24,24,999556C07,05-jun-21,Active,JB Hunt,,MX1
MX2,MX1,0884MX,0,HERBALIFE NUMERO 1 SABOR A CHOCO-AVELLANA,3710054417,5710033078,31,289654469,04-DEC-2019,05-DEC-2019,12,12,999691A00,17-oct-21,Active,JB Hunt,,MX1
MX2,MX3,0773MX,2,HERBALIFE SKIN MASCARILLA LIMPIADORA DE ARCILLA CON MENTA,3710054508,5710033109,85,290014637,05-DEC-2019,08-DEC-2019,5,5,57957800,26-jun-21,Active,,,MX3
MX2,MX3,0768MX,1,HERBALIFE SKIN SERUM REDUCTOR DE LINEAS DE EXPRESION,3710054508,5710033109,84,290014637,05-DEC-2019,08-DEC-2019,5,5,578733B01,30-nov-20,Active,,,MX3
MX2,MX3,602766,0,PIN ANIVERSARIO 7 ANO,3710054508,5710033109,78,290014637,05-DEC-2019,08-DEC-2019,10,,,,,,,MX3
MX2,MX3,602797,1,SOBRE CAPLE/ETIQ PERSONAL,3710054508,5710033109,80,290014637,05-DEC-2019,08-DEC-2019,10,,,,,,,MX3
MX2,MX3,690023,0,EXCLUSIVE CORPORATE EVENT LABEL,3710054508,5710033109,59,290014637,05-DEC-2019,08-DEC-2019,70,,,,,,,MX3
MX2,MX3,2631MX,2,HERBAL ALOE CONCENTRADO SABOR MANDARINA,3710054508,5710033109,4,290014637,05-DEC-2019,08-DEC-2019,481,481,999654B02,10-sep-21,Active,,,MX3
MX2,MX3,1841MX,4,XTRA-CALCIO ADVANCED,3710054508,5710033109,26,290014637,05-DEC-2019,08-DEC-2019,192,192,999570C04,19-jun-21,Active,,,MX3
MX2,MX3,2374MX,0,HERBALIFE PRO SABOR MIEL-LIMON Y JENGIBRE,3710054508,5710033109,48,290014637,05-DEC-2019,08-DEC-2019,96,96,999522A00,01-may-21,Active,,,MX3
MX2,MX3,2648MX,1,PERSONALIZED PROTEIN POWDER SABOR FRUTOS ROJOS,3710054508,5710033109,15,290014637,05-DEC-2019,08-DEC-2019,360,360,999416A01,14-JAN-21,Active,,,MX3
MX2,MX1,4007MX,5,HERBALIFE NUMERO 1 SABOR FRUTAS TROPICALES,3710054365,5710033007,39,288622503,29-nov-19,30-nov-19,120,120,999513L05,22-APR-21,Active,JB Hunt,,MX1
MX2,MX1,4011MX,13,HMP CONTRATO APP/CARD-SPANISH,3710054369,5710033009,33,288622505,29-nov-19,30-nov-19,10,,,,,JB Hunt,,MX1
MX2,MX1,2631MX,2,HERBAL ALOE CONCENTRADO SABOR MANDARINA,3710054369,5710033009,28,288622505,29-nov-19,30-nov-19,24,24,999634F02,22-AUG-21,Active,JB Hunt,,MX1
MX2,MX1,1926MX,0,PERSONALIZED PROTEIN POWDER,3710054369,5710033009,2,288622505,29-nov-19,30-nov-19,12,12,999605A00,22-jul-21,Active,JB Hunt,,MX1
MX2,MX1,N487MX,4,DOOR OP -  (100 CARD SET) COMBO2,3710054369,5710033009,35,288622505,29-nov-19,30-nov-19,5,,,,,JB Hunt,,MX1
MX2,MX1,690095,1,HMP LITERATURE,3710054369,5710033009,30,288622505,29-nov-19,30-nov-19,5,,,,,JB Hunt,,MX1
MX2,MX3,1926MX,0,PERSONALIZED PROTEIN POWDER,3710054468,5710033081,9,289855192,04-DEC-2019,07-DEC-2019,353,353,999411A00,10-JAN-21,Active,,,MX3
MX2,MX1,1065MX,8,HERBAL ALOE CONCENTRADO - SABOR MANGO,3710054417,5710033078,12,289654469,04-DEC-2019,05-DEC-2019,84,84,999668B08,25-sep-21,Active,JB Hunt,,MX1
MX2,MX1,0079MX,5,ANTI-SNACK,3710054417,5710033078,14,289654469,04-DEC-2019,05-DEC-2019,8,8,B79404A05,13-DEC-20,Active,JB Hunt,,MX1
MX2,MX1,3525MX,4,THERMOJETICS BARRA CON PROTEINA SABOR A CHOCOLATE,3710054417,5710033078,26,289654469,04-DEC-2019,05-DEC-2019,24,24,LK29607A04,26-jul-20,Active,JB Hunt,,MX1
MX2,MX3,4004MX,5,HERBALIFE NUMERO 1 SABOR VAINILLA,3710054489,5710033092,27,289777122,04-DEC-2019,07-DEC-2019,48,48,99954800000,22-may-21,Active,,,MX3
MX2,MX3,690095,1,HMP LITERATURE,3710054508,5710033109,51,290014637,05-DEC-2019,08-DEC-2019,90,,,,,,,MX3
MX2,MX1,4011MX,13,HMP CONTRATO APP/CARD-SPANISH,3710054417,5710033078,67,289654469,04-DEC-2019,05-DEC-2019,30,,,,,JB Hunt,,MX1
MX2,MX3,N487MX,4,DOOR OP -  (100 CARD SET) COMBO2,3710054489,5710033092,10,289777122,04-DEC-2019,07-DEC-2019,128,,,,,,,MX3
MX2,MX3,6124MX,1,DOOR OPENERS SCRATCH,3710054508,5710033109,63,290014637,05-DEC-2019,08-DEC-2019,50,,,,,,,MX3
MX2,MX3,6495MX,2,BINDER FOR NUTRITION CLUB,3710054508,5710033109,49,290014637,05-DEC-2019,08-DEC-2019,90,,,,,,,MX3
MX2,MX3,3146MX,7,HERBALIFE NITEWORKS SABOR NARANJA-MANGO,3710054508,5710033109,47,290014637,05-DEC-2019,08-DEC-2019,96,96,D99702C07,25-oct-21,Active,,,MX3
MX2,MX3,4000MX,5,HERBALIFE NUMERO 1 SABOR COOKIES & CREAM,3710054508,5710033109,3,290014637,05-DEC-2019,08-DEC-2019,155,155,D98664K05,19-sep-20,Active,,,MX3
MX2,MX1,1065MX,8,HERBAL ALOE CONCENTRADO - SABOR MANGO,3710054369,5710033009,8,288622505,29-nov-19,30-nov-19,12,12,999668B08,25-sep-21,Active,JB Hunt,,MX1
MX2,MX1,0079MX,5,ANTI-SNACK,3710054369,5710033009,9,288622505,29-nov-19,30-nov-19,1,1,B79404A05,13-DEC-20,Active,JB Hunt,,MX1
MX2,MX3,0085MX,13,N-R-G TE,3710054468,5710033081,20,289855192,04-DEC-2019,07-DEC-2019,757,757,D99639S13,13-AUG-21,Active,,,MX3
MX2,MX3,3123MX,9,CELL ACTIVATOR,3710054471,5710033100,37,289777168,05-DEC-2019,07-DEC-2019,60,60,369589A09,05-jun-21,Active,,,MX3
MX2,MX3,0079MX,5,ANTI-SNACK,3710054471,5710033100,51,289777168,05-DEC-2019,07-DEC-2019,40,40,B79487E05,12-mar-21,Active,,,MX3
MX2,MX3,2641MX,7,XTRA SHAKE,3710054471,5710033100,21,289777168,05-DEC-2019,07-DEC-2019,120,120,999521B07,29-APR-21,Active,,,MX3
MX2,MX3,2792MX,4,HERBALIFE NUMERO 1 BARRA EXPRESS SABOR COOKIES & CREAM,3710054471,5710033100,70,289777168,05-DEC-2019,07-DEC-2019,12,12,LK29695A04,22-oct-20,Active,,,MX3
MX2,MX3,4000MX,6,HERBALIFE NUMERO 1 SABOR COOKIES & CREAM,3710054471,5710033100,4,289777168,05-DEC-2019,07-DEC-2019,600,600,D99533A06,06-may-21,Active,,,MX3
MX2,MX3,1019MX,20,HERBAL ALOE CONCENTRADO,3710054468,5710033081,48,289855192,04-DEC-2019,07-DEC-2019,565,565,999660A20,16-sep-21,Active,,,MX3
MX2,MX3,0964MX,3,THERMOJETICS CONCENTRADO DE HIERBAS  G,3710054468,5710033081,8,289855192,04-DEC-2019,07-DEC-2019,146,146,D99673B03,16-sep-21,Active,,,MX3
MX2,MX1,1095MX,7,PROLESSA DUO,3710054417,5710033078,17,289654469,04-DEC-2019,05-DEC-2019,12,12,999575C07,13-DEC-20,Active,JB Hunt,,MX1
MX2,MX3,0077MX,6,TC FORMULA,3710054489,5710033092,65,289777122,04-DEC-2019,07-DEC-2019,10,10,369568B06,21-may-21,Active,,,MX3
MX2,MX3,6495MX,2,BINDER FOR NUTRITION CLUB,3710054489,5710033092,71,289777122,04-DEC-2019,07-DEC-2019,5,,,,,,,MX3
MX2,MX3,0370MX,9,CELL-U-LOSS,3710054468,5710033081,14,289855192,04-DEC-2019,07-DEC-2019,202,202,369610C09,14-jun-21,,,,MX3
MX2,MX3,1188MX,7,HERBAL ALOE CONCENTRADO SABOR MANGO 1892 L,3710054468,5710033081,52,289855192,04-DEC-2019,07-DEC-2019,25,25,999536D07,16-may-21,Active,,,MX3
MX2,MX3,0773MX,2,HERBALIFE SKIN MASCARILLA LIMPIADORA DE ARCILLA CON MENTA,3710054471,5710033100,73,289777168,05-DEC-2019,07-DEC-2019,10,10,57957800,26-jun-21,Active,,,MX3
MX2,MX3,4011MX,14,HMP CONTRATO APP/CARD-SPANISH,3710054471,5710033100,38,289777168,05-DEC-2019,07-DEC-2019,60,,,,,,,MX3
MX2,MX3,0964MX,3,THERMOJETICS CONCENTRADO DE HIERBAS  G,3710054471,5710033100,7,289777168,05-DEC-2019,07-DEC-2019,240,240,D99673B03,16-sep-21,Active,,,MX3
MX2,MX3,1829MX,1,PROBIOTIC ADVANTAGE,3710054471,5710033100,42,289777168,05-DEC-2019,07-DEC-2019,50,50,B79529A01,08-may-21,Active,,,MX3
MX2,MX3,4003MX,7,HERBALIFE NUMERO 1 SABOR A CHOCOLATE,3710054498,5710033101,1,289777169,05-DEC-2019,08-DEC-2019,12,12,998703D07,30-oct-20,Active,,,MX3
MX2,MX1,3119MX,3,THERMOJETICS POLVO PARA PREPARAR BEBIDAS SABOR PONCHE DE FRUTAS,3710054368,5710033008,16,288622504,29-nov-19,30-nov-19,24,24,609568A03,13-jun-21,Active,JB Hunt,,MX1
MX2,MX1,1412MX,5,HERBALIFE 24 HERBALIFE NUMERO 1 SPORT SABOR VAINILLA,3710054368,5710033008,12,288622504,29-nov-19,30-nov-19,6,6,99953700000,16-may-21,Active,JB Hunt,,MX1
MX2,MX1,0831MX,3,HERBALIFE COLAGENO,3710054368,5710033008,43,288622504,29-nov-19,30-nov-19,12,12,D99624B03,06-AUG-21,Active,JB Hunt,,MX1
MX2,MX1,044KMX,0,INFUSION HERBAL,3710054361,5710033006,59,288622502,29-nov-19,30-nov-19,120,120,D99696A00,09-oct-21,Active,JB Hunt,,MX1
MX2,MX1,3175MX,21,THERMOJETICS POLVO PARA PREPARAR BATIDO SABOR VAINILLA,3710054365,5710033007,6,288622503,29-nov-19,30-nov-19,156,156,D99597A21,11-jul-21,Active,JB Hunt,,MX1
MX2,MX3,0032MX,5,GARLIC PLUS,3710054489,5710033092,24,289777122,04-DEC-2019,07-DEC-2019,60,60,229507A05,25-sep-20,Active,,,MX3
MX2,MX1,4004MX,5,HERBALIFE NUMERO 1 SABOR VAINILLA,3710054361,5710033006,14,288622502,29-nov-19,30-nov-19,36,36,99954800000,22-may-21,Active,JB Hunt,,MX1
MX2,MX1,1095MX,7,PROLESSA DUO,3710054255,5710032892,1,287949738,22-nov-19,24-nov-19,96,96,999575C07,13-DEC-20,Active,JB Hunt,,MX1
MX2,MX1,305A,0,HLN TABLET BOX-M SIZE-7 COMP (SET OF 5),3710054369,5710033009,36,288622505,29-nov-19,30-nov-19,5,,,,,JB Hunt,,MX1
MX2,MX1,3123MX,9,CELL ACTIVATOR,3710054361,5710033006,36,288622502,29-nov-19,30-nov-19,10,10,369590A09,25-jun-21,Active,JB Hunt,,MX1
MX2,MX1,0085MX,13,N-R-G TE,3710054361,5710033006,10,288622502,29-nov-19,30-nov-19,384,384,D99641A13,14-AUG-21,Active,JB Hunt,,MX1
MX2,MX1,1065MX,8,HERBAL ALOE CONCENTRADO - SABOR MANGO,3710054361,5710033006,13,288622502,29-nov-19,30-nov-19,84,84,999668B08,25-sep-21,Active,JB Hunt,,MX1
MX2,MX1,0079MX,5,ANTI-SNACK,3710054361,5710033006,15,288622502,29-nov-19,30-nov-19,8,8,B79404A05,13-DEC-20,Active,JB Hunt,,MX1
MX2,MX1,6124MX,1,DOOR OPENERS SCRATCH,3710054361,5710033006,63,288622502,29-nov-19,30-nov-19,2,,,,,JB Hunt,,MX1
MX2,MX1,3119MX,3,THERMOJETICS POLVO PARA PREPARAR BEBIDAS SABOR PONCHE DE FRUTAS,3710054361,5710033006,20,288622502,29-nov-19,30-nov-19,72,72,609568A03,13-jun-21,Active,JB Hunt,,MX1
MX2,MX1,4001MX,5,HERBALIFE NUMERO 1 SABOR PINA COLADA,3710054361,5710033006,26,288622502,29-nov-19,30-nov-19,36,36,999620A05,07-AUG-21,Active,JB Hunt,,MX1
MX2,MX1,0772MX,3,HERBALIFE SKIN EXFOLIANTE CON ARANDANOS PARA EL CUTIS,3710054361,5710033006,48,288622502,29-nov-19,30-nov-19,14,14,579491C03,31-mar-21,Active,JB Hunt,,MX1
MX2,MX1,0940MX,2,HERBALIFE NUMERO 1 SABOR DULCE DE LECHE,3710054365,5710033007,49,288622503,29-nov-19,30-nov-19,180,180,999598B02,12-jul-21,Active,JB Hunt,,MX1
MX2,MX1,602762,0,PIN ANIVERSARIO 3 ANO,3710054365,5710033007,74,288622503,29-nov-19,30-nov-19,3,,,,,JB Hunt,,MX1
MX2,MX1,N173MX,6,HEALTH ACTIVE LIFE DOOR OPENER CARDS SET OF 41,3710054365,5710033007,66,288622503,29-nov-19,30-nov-19,15,,,,,JB Hunt,,MX1
MX2,MX1,309A,0,HLN I LOVE HERBALIFE MAGNETIC BUTTON (SET OF 5),3710054365,5710033007,79,288622503,29-nov-19,30-nov-19,5,,,,,JB Hunt,,MX1
MX2,MX1,2374MX,0,HERBALIFE PRO SABOR MIEL-LIMON Y JENGIBRE,3710054365,5710033007,41,288622503,29-nov-19,30-nov-19,40,40,999522D00,01-may-21,Active,JB Hunt,,MX1
MX2,MX1,632AMX,0,2 LITER WATER BOTTLE,3710054365,5710033007,60,288622503,29-nov-19,30-nov-19,10,,,,,JB Hunt,,MX1
MX2,MX1,0940MX,2,HERBALIFE NUMERO 1 SABOR DULCE DE LECHE,3710054361,5710033006,52,288622502,29-nov-19,30-nov-19,108,108,999598B02,12-jul-21,Active,JB Hunt,,MX1
MX2,MX1,2555MX,1,HERBALIFE NUMERO 1 SABOR PLATANO,3710054365,5710033007,42,288622503,29-nov-19,30-nov-19,120,120,999620D01,02-AUG-21,Active,JB Hunt,,MX1
MX2,MX1,N487MX,4,DOOR OP -  (100 CARD SET) COMBO2,3710054365,5710033007,71,288622503,29-nov-19,30-nov-19,80,,,,,JB Hunt,,MX1
MX2,MX1,2864MX,8,ACTIVE FIBER COMPLEX SABOR MANZANA,3710054368,5710033008,8,288622504,29-nov-19,30-nov-19,36,36,D99527N08,19-APR-21,Active,JB Hunt,,MX1
MX2,MX3,602760,0,PIN ANIVERSARIO 1 ANO,3710054508,5710033109,87,290014637,05-DEC-2019,08-DEC-2019,5,,,,,,,MX3
MX2,MX3,0963MX,4,THERMOJETICS CONCENTRADO DE HIERBAS  51 G,3710054508,5710033109,7,290014637,05-DEC-2019,08-DEC-2019,528,528,D99659C04,11-sep-21,Active,,,MX3
MX2,MX3,690021,0,EXCLUSIVE INTERNAL CONSUMPTION LABEL,3710054508,5710033109,77,290014637,05-DEC-2019,08-DEC-2019,10,,,,,,,MX3
MX2,MX3,1412MX,5,HERBALIFE 24 HERBALIFE NUMERO 1 SPORT SABOR VAINILLA,3710054508,5710033109,60,290014637,05-DEC-2019,08-DEC-2019,60,60,999599B05,18-jul-21,Active,,,MX3
MX2,MX3,0831MX,3,HERBALIFE COLAGENO,3710054508,5710033109,27,290014637,05-DEC-2019,08-DEC-2019,180,180,D99624X03,06-AUG-21,Active,,,MX3
MX2,MX3,044KMX,0,INFUSION HERBAL,3710054508,5710033109,38,290014637,05-DEC-2019,08-DEC-2019,120,120,D99696A00,09-oct-21,Active,,,MX3
MX2,MX1,0565MX,5,XTRA-CAL ADVANCED,3710054365,5710033007,36,288622503,29-nov-19,30-nov-19,50,50,B79513A05,02-APR-21,Active,JB Hunt,,MX1
MX2,MX1,2641MX,7,XTRA SHAKE,3710054365,5710033007,24,288622503,29-nov-19,30-nov-19,168,168,999556C07,05-jun-21,Active,JB Hunt,,MX1
MX2,MX1,1095MX,7,PROLESSA DUO,3710054365,5710033007,17,288622503,29-nov-19,30-nov-19,120,120,999575C07,13-DEC-20,Active,JB Hunt,,MX1
MX2,MX1,602190,0,BAG FOR ULTIMATE,3710054365,5710033007,61,288622503,29-nov-19,30-nov-19,1,,,,,JB Hunt,,MX1
MX2,MX1,3119MX,3,THERMOJETICS POLVO PARA PREPARAR BEBIDAS SABOR PONCHE DE FRUTAS,3710054369,5710033009,12,288622505,29-nov-19,30-nov-19,12,12,609568A03,13-jun-21,Active,JB Hunt,,MX1
MX2,MX1,3175MX,21,THERMOJETICS POLVO PARA PREPARAR BATIDO SABOR VAINILLA,3710054361,5710033006,6,288622502,29-nov-19,30-nov-19,36,36,D99597A21,11-jul-21,Active,JB Hunt,,MX1
MX2,MX1,0370MX,9,CELL-U-LOSS,3710054417,5710033078,21,289654469,04-DEC-2019,05-DEC-2019,16,16,369611G09,14-jun-21,Active,JB Hunt,,MX1
MX2,MX1,9947MX,31,PRODUCT CATALOG SET OF 5 (16%),3710054417,5710033078,72,289654469,04-DEC-2019,05-DEC-2019,160,,,,,JB Hunt,,MX1
MX2,MX1,4004MX,5,HERBALIFE NUMERO 1 SABOR VAINILLA,3710054417,5710033078,13,289654469,04-DEC-2019,05-DEC-2019,12,12,999549B05,24-may-21,Active,JB Hunt,,MX1
MX2,MX3,2644MX,2,XTRA SHAKE SABOR A NUEZ,3710054489,5710033092,60,289777122,04-DEC-2019,07-DEC-2019,12,12,99950500,05-mar-21,Active,,,MX3
MX2,MX3,3176MX,18,THERMOJETICS POLVO PARA PREPARAR BATIDO SABOR A CHOCOLATE,3710054508,5710033109,70,290014637,05-DEC-2019,08-DEC-2019,24,24,D98563B18,08-jun-20,Active,,,MX3
MX2,MX3,2864MX,8,ACTIVE FIBER COMPLEX SABOR MANZANA,3710054508,5710033109,9,290014637,05-DEC-2019,08-DEC-2019,444,444,D99523T08,19-APR-21,Active,,,MX3
MX2,MX3,0085MX,13,N-R-G TE,3710054508,5710033109,2,290014637,05-DEC-2019,08-DEC-2019,960,960,D99639S13,13-AUG-21,Active,,,MX3
MX2,MX1,2644MX,2,XTRA SHAKE SABOR A NUEZ,3710054417,5710033078,32,289654469,04-DEC-2019,05-DEC-2019,12,12,999554G02,31-may-21,Active,JB Hunt,,MX1
MX2,MX1,0964MX,3,THERMOJETICS CONCENTRADO DE HIERBAS  G,3710054417,5710033078,6,289654469,04-DEC-2019,05-DEC-2019,48,48,D99521M03,17-APR-21,Active,JB Hunt,,MX1
MX2,MX1,298A,0,HLN MEASURING SPOON - WHITE (IMPERIAL) SET OF 10,3710054417,5710033078,64,289654469,04-DEC-2019,05-DEC-2019,50,,,,,JB Hunt,,MX1
MX2,MX3,1061MX,1,WOMAN'S CHOICE,3710054489,5710033092,51,289777122,04-DEC-2019,07-DEC-2019,20,20,229618A01,22-jul-21,Active,,,MX3
MX2,MX3,2374MX,0,HERBALIFE PRO SABOR MIEL-LIMON Y JENGIBRE,3710054489,5710033092,55,289777122,04-DEC-2019,07-DEC-2019,20,20,999522A00,01-may-21,Active,,,MX3
MX2,MX3,2364MX,1,HERBALIFE NUMERO 2 POLVO,3710054489,5710033092,50,289777122,04-DEC-2019,07-DEC-2019,20,20,999477A01,15-mar-21,Active,,,MX3
MX2,MX3,1926MX,0,PERSONALIZED PROTEIN POWDER,3710054489,5710033092,6,289777122,04-DEC-2019,07-DEC-2019,180,180,999411A00,10-JAN-21,Active,,,MX3
MX2,MX3,044KMX,0,INFUSION HERBAL,3710054489,5710033092,32,289777122,04-DEC-2019,07-DEC-2019,48,48,D99696A00,09-oct-21,Active,,,MX3
MX2,MX3,4008MX,5,HERBALIFE NUMERO 1 - CHOCO MIX SABOR MOKACCINO,3710054508,5710033109,32,290014637,05-DEC-2019,08-DEC-2019,144,144,999555C05,04-jun-21,Active,,,MX3
MX2,MX1,2648MX,1,PERSONALIZED PROTEIN POWDER SABOR FRUTOS ROJOS,3710054368,5710033008,34,288622504,29-nov-19,30-nov-19,12,12,999416A01,14-JAN-21,Active,JB Hunt,,MX1
MX2,MX1,0370MX,9,CELL-U-LOSS,3710054369,5710033009,13,288622505,29-nov-19,30-nov-19,6,6,369613C09,14-jun-21,Active,JB Hunt,,MX1
MX2,MX3,1094MX,9,SCHIZANDRA PLUS,3710054471,5710033100,36,289777168,05-DEC-2019,07-DEC-2019,60,60,369543A09,08-APR-21,Active,,,MX3
MX2,MX3,4003MX,7,HERBALIFE NUMERO 1 SABOR A CHOCOLATE,3710054471,5710033100,66,289777168,05-DEC-2019,07-DEC-2019,12,12,998703D07,30-oct-20,Active,,,MX3
MX2,MX3,0940MX,2,HERBALIFE NUMERO 1 SABOR DULCE DE LECHE,3710054471,5710033100,20,289777168,05-DEC-2019,07-DEC-2019,120,120,999561G02,07-jun-21,Active,,,MX3
MX2,MX3,0884MX,0,HERBALIFE NUMERO 1 SABOR A CHOCO-AVELLANA,3710054468,5710033081,43,289855192,04-DEC-2019,07-DEC-2019,322,322,999691A00,17-oct-21,Active,,,MX3
MX2,MX3,1188MX,7,HERBAL ALOE CONCENTRADO SABOR MANGO 1892 L,3710054471,5710033100,55,289777168,05-DEC-2019,07-DEC-2019,36,36,999536D07,16-may-21,Active,,,MX3
MX2,MX3,1188MX,7,HERBAL ALOE CONCENTRADO SABOR MANGO 1892 L,3710054489,5710033092,49,289777122,04-DEC-2019,07-DEC-2019,24,24,999536D07,16-may-21,Active,,,MX3
MX2,MX1,0366MX,4,BARRA CON PROTEINA DELUXE SABOR LIMON,3710054417,5710033078,35,289654469,04-DEC-2019,05-DEC-2019,24,24,G29617A,05-AUG-20,Active,JB Hunt,,MX1
MX2,MX3,2631MX,2,HERBAL ALOE CONCENTRADO SABOR MANDARINA,3710054468,5710033081,50,289855192,04-DEC-2019,07-DEC-2019,470,470,999654B02,10-sep-21,Active,,,MX3
MX2,MX3,1019MX,20,HERBAL ALOE CONCENTRADO,3710054471,5710033100,2,289777168,05-DEC-2019,07-DEC-2019,996,996,999660A20,16-sep-21,Active,,,MX3
MX2,MX3,3189MX,11,THERMOJETICS POLVO PARA PREPARAR BEBIDA SABOR PONCHE DE FRUTAS,3710054471,5710033100,69,289777168,05-DEC-2019,07-DEC-2019,12,12,609417A11,04-nov-20,Active,,,MX3
MX2,MX3,0765MX,2,HERBALIFE SKIN GEL LIMPIADOR DE SABILA,3710054471,5710033100,72,289777168,05-DEC-2019,07-DEC-2019,10,10,579449B02,28-feb-21,Active,,,MX3
MX2,MX3,0774MX,1,HERBALIFE SKIN CREMA HIDRATANTE DE NOCHE,3710054471,5710033100,79,289777168,05-DEC-2019,07-DEC-2019,5,5,579563C01,06-jun-21,Active,,,MX3
MX2,MX3,2644MX,2,XTRA SHAKE SABOR A NUEZ,3710054471,5710033100,59,289777168,05-DEC-2019,07-DEC-2019,24,24,99950500,05-mar-21,Active,,,MX3
MX2,MX3,1610MX,0,HERBAL ALOE CONCENTRADO SABOR UVA,3710054471,5710033100,12,289777168,05-DEC-2019,07-DEC-2019,240,240,999533B00,13-may-21,Active,,,MX3
MX2,MX1,3119MX,3,THERMOJETICS POLVO PARA PREPARAR BEBIDAS SABOR PONCHE DE FRUTAS,3710054417,5710033078,19,289654469,04-DEC-2019,05-DEC-2019,48,48,609570A03,13-jun-21,Active,JB Hunt,,MX1
MX2,MX3,0831MX,2,HERBALIFE COLAGENO,3710051992,5710031046,1,277224300,06-AUG-2019,10-AUG-2019,3,3,D99561F02,04-jun-21,,,,MX3
MX2,MX1,4004MX,5,HERBALIFE NUMERO 1 SABOR VAINILLA,3710054368,5710033008,10,288622504,29-nov-19,30-nov-19,12,12,99954800000,22-may-21,Active,JB Hunt,,MX1
MX2,MX1,1428MX,2,TE VERDE SABOR GRANADA 48 G,3710054368,5710033008,24,288622504,29-nov-19,30-nov-19,6,6,D99627G02,10-jul-21,Active,JB Hunt,,MX1
MX2,MX1,3176MX,18,THERMOJETICS POLVO PARA PREPARAR BATIDO SABOR A CHOCOLATE,3710054365,5710033007,28,288622503,29-nov-19,30-nov-19,12,12,D99673F18,16-sep-21,Active,JB Hunt,,MX1
MX2,MX1,0032MX,5,GARLIC PLUS,3710054365,5710033007,22,288622503,29-nov-19,30-nov-19,46,46,229506H05.,23-sep-20,Active,JB Hunt,,MX1
MX2,MX1,8654MX,8,DOOR OP M(8+9+10+11+12+13) -  (60 CARD SET) COMBO1,3710054365,5710033007,63,288622503,29-nov-19,30-nov-19,3,,,,,JB Hunt,,MX1
MX2,MX3,S202MX,10,TODAY MAGAZINE MX PROMOTION,3710054489,5710033092,78,289777122,04-DEC-2019,07-DEC-2019,200,,,,,,,MX3
MX2,MX1,4007MX,5,HERBALIFE NUMERO 1 SABOR FRUTAS TROPICALES,3710054361,5710033006,41,288622502,29-nov-19,30-nov-19,60,60,999513L05,22-APR-21,Active,JB Hunt,,MX1
MX2,MX1,0065MX,11,HERBALIFELINE,3710054365,5710033007,30,288622503,29-nov-19,30-nov-19,68,68,229522A11,02-mar-21,,JB Hunt,,MX1
MX2,MX1,1926MX,0,PERSONALIZED PROTEIN POWDER,3710054361,5710033006,2,288622502,29-nov-19,30-nov-19,144,144,999605A00,22-jul-21,Active,JB Hunt,,MX1
MX2,MX1,N448MX,4,"MAGAZINE ""ESTE ES HERBALIFE""",3710054369,5710033009,37,288622505,29-nov-19,30-nov-19,1,,,,,JB Hunt,,MX1
MX2,MX1,3100MX,23,FLORAFIBER,3710054361,5710033006,8,288622502,29-nov-19,30-nov-19,30,30,C29460F23,28-feb-21,Active,JB Hunt,,MX1
MX2,MX1,0765MX,2,HERBALIFE SKIN GEL LIMPIADOR DE SABILA,3710054361,5710033006,61,288622502,29-nov-19,30-nov-19,6,6,579449B02.,12-feb-21,Active,JB Hunt,,MX1
MX2,MX1,0963MX,4,THERMOJETICS CONCENTRADO DE HIERBAS  51 G,3710054361,5710033006,24,288622502,29-nov-19,30-nov-19,192,192,D99590V04,27-jun-21,,JB Hunt,,MX1
MX2,MX1,1061MX,1,WOMAN'S CHOICE,3710054361,5710033006,56,288622502,29-nov-19,30-nov-19,16,16,229617C01,19-jul-21,Active,JB Hunt,,MX1
MX2,MX1,1926MX,0,PERSONALIZED PROTEIN POWDER,3710054365,5710033007,2,288622503,29-nov-19,30-nov-19,276,276,999605A00,22-jul-21,Active,JB Hunt,,MX1
MX2,MX1,2648MX,1,PERSONALIZED PROTEIN POWDER SABOR FRUTOS ROJOS,3710054365,5710033007,38,288622503,29-nov-19,30-nov-19,84,84,999416A01,14-JAN-21,Active,JB Hunt,,MX1
MX2,MX1,1155MX,18,THERMO-BOND,3710054368,5710033008,17,288622504,29-nov-19,30-nov-19,16,16,C29500A18,31-mar-21,Active,JB Hunt,,MX1
MX2,MX1,1094MX,9,SCHIZANDRA PLUS,3710054368,5710033008,15,288622504,29-nov-19,30-nov-19,3,3,369543A09,08-APR-21,Active,JB Hunt,,MX1
MX2,MX1,0079MX,5,ANTI-SNACK,3710054368,5710033008,11,288622504,29-nov-19,30-nov-19,1,1,B79404A05,13-DEC-20,Active,JB Hunt,,MX1
MX2,MX1,N487MX,4,DOOR OP -  (100 CARD SET) COMBO2,3710054417,5710033078,70,289654469,04-DEC-2019,05-DEC-2019,15,,,,,JB Hunt,,MX1
MX2,MX1,2648MX,1,PERSONALIZED PROTEIN POWDER SABOR FRUTOS ROJOS,3710054417,5710033078,38,289654469,04-DEC-2019,05-DEC-2019,24,24,999416A01,14-JAN-21,Active,JB Hunt,,MX1
MX2,MX1,690095,1,HMP LITERATURE,3710054417,5710033078,62,289654469,04-DEC-2019,05-DEC-2019,30,,,,,JB Hunt,,MX1
MX2,MX3,1061MX,1,WOMAN'S CHOICE,3710054508,5710033109,56,290014637,05-DEC-2019,08-DEC-2019,70,70,229618A01,22-jul-21,Active,,,MX3
MX2,MX3,849PMX,1,HERBALIFE BLENDER 350+,3710054508,5710033109,82,290014637,05-DEC-2019,08-DEC-2019,10,,,,,,,MX3
MX2,MX3,1473MX,0,HERBALIFE 24 CR7 DRIVE,3710054508,5710033109,61,290014637,05-DEC-2019,08-DEC-2019,60,60,609660B00,06-AUG-21,Active,,,MX3
MX2,MX1,0364MX,4,BARRA CON PROTEINA DELUXE SABOR VAINILLA CON ALMENDRAS,3710054365,5710033007,37,288622503,29-nov-19,30-nov-19,48,48,G29570A,19-jun-20,Active,JB Hunt,,MX1
MX2,MX1,0366MX,4,BARRA CON PROTEINA DELUXE SABOR LIMON,3710054365,5710033007,35,288622503,29-nov-19,30-nov-19,48,48,G29617A,05-AUG-20,Active,JB Hunt,,MX1
MX2,MX1,4001MX,5,HERBALIFE NUMERO 1 SABOR PINA COLADA,3710054365,5710033007,25,288622503,29-nov-19,30-nov-19,96,96,999620A05,07-AUG-21,Active,JB Hunt,,MX1
MX2,MX1,4004MX,5,HERBALIFE NUMERO 1 SABOR VAINILLA,3710054365,5710033007,14,288622503,29-nov-19,30-nov-19,120,120,99954800000,22-may-21,Active,JB Hunt,,MX1
MX2,MX1,0770MX,3,HERBALIFE SKIN GEL REAFIRMANTE PARA CONTORNO DE OJOS,3710054365,5710033007,48,288622503,29-nov-19,30-nov-19,2,2,579503A03,30-APR-21,Active,JB Hunt,,MX1
MX2,MX1,0773MX,2,HERBALIFE SKIN MASCARILLA LIMPIADORA DE ARCILLA CON MENTA,3710054365,5710033007,45,288622503,29-nov-19,30-nov-19,4,4,57957800,26-jun-21,Active,JB Hunt,,MX1
MX2,MX1,1095MX,7,PROLESSA DUO,3710054369,5710033009,10,288622505,29-nov-19,30-nov-19,10,10,999575C07,13-DEC-20,Active,JB Hunt,,MX1
MX2,MX1,1417MX,8,HERBALIFE 24 STRENGTH,3710054369,5710033009,26,288622505,29-nov-19,30-nov-19,1,1,D99592E08,09-jul-21,Active,JB Hunt,,MX1
MX2,MX1,3189MX,11,THERMOJETICS POLVO PARA PREPARAR BEBIDA SABOR PONCHE DE FRUTAS,3710054361,5710033006,60,288622502,29-nov-19,30-nov-19,12,12,609417A11.,07-nov-20,Active,JB Hunt,,MX1
MX2,MX1,0413MX,5,HERBAL ALOE GEL CORPORAL CON ALOE,3710054417,5710033078,55,289654469,04-DEC-2019,05-DEC-2019,18,18,579514C05,30-APR-21,Active,JB Hunt,,MX1
MX2,MX3,2374MX,0,HERBALIFE PRO SABOR MIEL-LIMON Y JENGIBRE,3710054468,5710033081,24,289855192,04-DEC-2019,07-DEC-2019,167,167,999522A00,01-may-21,Active,,,MX3
MX2,MX3,0831MX,3,HERBALIFE COLAGENO,3710054468,5710033081,21,289855192,04-DEC-2019,07-DEC-2019,156,156,D99624X03,06-AUG-21,Active,,,MX3
MX2,MX1,1155MX,18,THERMO-BOND,3710054417,5710033078,20,289654469,04-DEC-2019,05-DEC-2019,10,10,C29500A18,31-mar-21,Active,JB Hunt,,MX1
MX2,MX1,3189MX,11,THERMOJETICS POLVO PARA PREPARAR BEBIDA SABOR PONCHE DE FRUTAS,3710054417,5710033078,56,289654469,04-DEC-2019,05-DEC-2019,12,12,609417A11.,07-nov-20,Active,JB Hunt,,MX1
MX2,MX1,0565MX,5,XTRA-CAL ADVANCED,3710054417,5710033078,36,289654469,04-DEC-2019,05-DEC-2019,6,6,B79513A05,02-APR-21,Active,JB Hunt,,MX1
MX2,MX1,2641MX,7,XTRA SHAKE,3710054417,5710033078,24,289654469,04-DEC-2019,05-DEC-2019,24,24,999556C07,05-jun-21,Active,JB Hunt,,MX1
MX2,MX1,0364MX,4,BARRA CON PROTEINA DELUXE SABOR VAINILLA CON ALMENDRAS,3710054417,5710033078,37,289654469,04-DEC-2019,05-DEC-2019,36,36,G29570A,19-jun-20,Active,JB Hunt,,MX1
MX2,MX1,0766MX,2,HERBALIFE SKIN LIMPIADOR CITRICO PARA LA PIEL,3710054417,5710033078,46,289654469,04-DEC-2019,05-DEC-2019,3,3,579498D02,31-mar-21,Active,JB Hunt,,MX1
MX2,MX3,0364MX,4,BARRA CON PROTEINA DELUXE SABOR VAINILLA CON ALMENDRAS,3710054489,5710033092,46,289777122,04-DEC-2019,07-DEC-2019,24,24,G29519B,29-APR-20,Active,,,MX3
MX2,MX3,4008MX,5,HERBALIFE NUMERO 1 - CHOCO MIX SABOR MOKACCINO,3710054489,5710033092,34,289777122,04-DEC-2019,07-DEC-2019,36,36,999555C05,04-jun-21,Active,,,MX3
MX2,MX3,0065MX,11,HERBALIFELINE,3710054508,5710033109,19,290014637,05-DEC-2019,08-DEC-2019,240,240,229521F11,05-mar-21,Active,,,MX3
MX2,MX3,0077MX,6,TC FORMULA,3710054508,5710033109,62,290014637,05-DEC-2019,08-DEC-2019,50,50,369568B06,21-may-21,Active,,,MX3
MX2,MX3,3175MX,20,THERMOJETICS POLVO PARA PREPARAR BATIDO SABOR VAINILLA,3710054508,5710033109,37,290014637,05-DEC-2019,08-DEC-2019,7,7,D98549B20,05-mar-20,Active,,,MX3
MX2,MX3,3175MX,20,THERMOJETICS POLVO PARA PREPARAR BATIDO SABOR VAINILLA,3710054508,5710033109,37,290014637,05-DEC-2019,08-DEC-2019,29,29,D98576A20,23-jun-20,Active,,,MX3
MX2,MX3,3150MX,13,HERBALIFE NITEWORKS SABOR LIMON,3710054508,5710033109,73,290014637,05-DEC-2019,08-DEC-2019,12,12,D98664J13,19-sep-20,Active,,,MX3
MX2,MX3,S202MX,10,TODAY MAGAZINE MX PROMOTION,3710054508,5710033109,93,290014637,05-DEC-2019,08-DEC-2019,200,,,,,,,MX3
MX2,MX3,4004MX,5,HERBALIFE NUMERO 1 SABOR VAINILLA,3710054508,5710033109,24,290014637,05-DEC-2019,08-DEC-2019,204,204,999526D05,03-may-21,Active,,,MX3
MX2,MX1,0767MX,1,HERBALIFE SKIN TONICO CON ALOE ROMERO Y MANZANILLA,3710054417,5710033078,52,289654469,04-DEC-2019,05-DEC-2019,5,5,579424F01,31-JAN-21,Active,JB Hunt,,MX1
MX2,MX1,0899MX,6,HERBALIFE SKIN CREMA HUMECTANTE FPS 30,3710054417,5710033078,53,289654469,04-DEC-2019,05-DEC-2019,4,4,579457J06.,26-feb-21,Active,JB Hunt,,MX1
MX2,MX1,1061MX,1,WOMAN'S CHOICE,3710054417,5710033078,51,289654469,04-DEC-2019,05-DEC-2019,8,8,229617C01,19-jul-21,Active,JB Hunt,,MX1
MX2,MX1,1412MX,5,HERBALIFE 24 HERBALIFE NUMERO 1 SPORT SABOR VAINILLA,3710054417,5710033078,15,289654469,04-DEC-2019,05-DEC-2019,5,5,99953700000,16-may-21,Active,JB Hunt,,MX1
MX2,MX1,296A,0,HLN IMPROVED SHAKER CUP ( SET OF 5),3710054417,5710033078,58,289654469,04-DEC-2019,05-DEC-2019,40,,,,,JB Hunt,,MX1
MX2,MX1,632AMX,0,2 LITER WATER BOTTLE,3710054417,5710033078,60,289654469,04-DEC-2019,05-DEC-2019,2,,,,,JB Hunt,,MX1
MX2,MX1,0831MX,3,HERBALIFE COLAGENO,3710054417,5710033078,50,289654469,04-DEC-2019,05-DEC-2019,12,12,D99624B03,06-AUG-21,Active,JB Hunt,,MX1
MX2,MX3,298A,0,HLN MEASURING SPOON - WHITE (IMPERIAL) SET OF 10,3710054489,5710033092,26,289777122,04-DEC-2019,07-DEC-2019,50,,,,,,,MX3
MX2,MX3,1473MX,0,HERBALIFE 24 CR7 DRIVE,3710054489,5710033092,48,289777122,04-DEC-2019,07-DEC-2019,24,24,609660B00,06-AUG-21,Active,,,MX3
MX2,MX3,690095,1,HMP LITERATURE,3710054489,5710033092,56,289777122,04-DEC-2019,07-DEC-2019,20,,,,,,,MX3
MX2,MX3,2792MX,4,HERBALIFE NUMERO 1 BARRA EXPRESS SABOR COOKIES & CREAM,3710054508,5710033109,65,290014637,05-DEC-2019,08-DEC-2019,48,48,LK29695A04,22-oct-20,Active,,,MX3
MX2,MX3,4007MX,4,HERBALIFE NUMERO 1 SABOR FRUTAS TROPICALES,3710054508,5710033109,25,290014637,05-DEC-2019,08-DEC-2019,22,22,9986110000,30-AUG-20,Active,,,MX3
MX2,MX1,7056MX,2,TOTE BAG,3710054369,5710033009,34,288622505,29-nov-19,30-nov-19,10,,,,,JB Hunt,,MX1
MX2,MX1,3525MX,4,THERMOJETICS BARRA CON PROTEINA SABOR A CHOCOLATE,3710054369,5710033009,16,288622505,29-nov-19,30-nov-19,12,12,LK29607A04,26-jul-20,Active,JB Hunt,,MX1
MX2,MX3,0079MX,5,ANTI-SNACK,3710054468,5710033081,13,289855192,04-DEC-2019,07-DEC-2019,100,100,B79487E05,12-mar-21,Active,,,MX3
MX2,MX3,1061MX,1,WOMAN'S CHOICE,3710054468,5710033081,15,289855192,04-DEC-2019,07-DEC-2019,78,78,229618A01,22-jul-21,Active,,,MX3
MX2,MX3,3150MX,13,HERBALIFE NITEWORKS SABOR LIMON,3710054471,5710033100,67,289777168,05-DEC-2019,07-DEC-2019,12,12,D98664J13,19-sep-20,Active,,,MX3
MX2,MX3,1095MX,7,PROLESSA DUO,3710054471,5710033100,43,289777168,05-DEC-2019,07-DEC-2019,48,48,999677C07,18-mar-21,Active,,,MX3
MX2,MX3,1417MX,6,HERBALIFE 24 STRENGTH,3710054471,5710033100,71,289777168,05-DEC-2019,07-DEC-2019,12,12,D98573C06,21-jun-20,Active,,,MX3
MX2,MX3,3119MX,3,THERMOJETICS POLVO PARA PREPARAR BEBIDAS SABOR PONCHE DE FRUTAS,3710054471,5710033100,10,289777168,05-DEC-2019,07-DEC-2019,276,276,609569A03,13-jun-21,Active,,,MX3
MX2,MX3,0364MX,4,BARRA CON PROTEINA DELUXE SABOR VAINILLA CON ALMENDRAS,3710054471,5710033100,44,289777168,05-DEC-2019,07-DEC-2019,48,48,G29519B,29-APR-20,Active,,,MX3
MX2,MX3,0766MX,2,HERBALIFE SKIN LIMPIADOR CITRICO PARA LA PIEL,3710054471,5710033100,61,289777168,05-DEC-2019,07-DEC-2019,20,20,579498D02,31-mar-21,Active,,,MX3
MX2,MX3,3175MX,21,THERMOJETICS POLVO PARA PREPARAR BATIDO SABOR VAINILLA,3710054468,5710033081,41,289855192,04-DEC-2019,07-DEC-2019,65,65,D99597A21,11-jul-21,Active,,,MX3
MX2,MX3,3176MX,18,THERMOJETICS POLVO PARA PREPARAR BATIDO SABOR A CHOCOLATE,3710054468,5710033081,42,289855192,04-DEC-2019,07-DEC-2019,18,18,D99673F18,16-sep-21,Active,,,MX3
MX2,MX3,2648MX,1,PERSONALIZED PROTEIN POWDER SABOR FRUTOS ROJOS,3710054468,5710033081,19,289855192,04-DEC-2019,07-DEC-2019,210,210,999416A01,14-JAN-21,Active,,,MX3
MX2,MX1,3115MX,8,HERBALIFE NUMERO 2,3710054417,5710033078,8,289654469,04-DEC-2019,05-DEC-2019,2,2,229520B08,10-APR-21,Active,JB Hunt,,MX1
MX2,MX3,0065MX,11,HERBALIFELINE,3710054489,5710033092,17,289777122,04-DEC-2019,07-DEC-2019,80,80,229521F11,05-mar-21,,,,MX3
MX2,MX3,632AMX,0,2 LITER WATER BOTTLE,3710054471,5710033100,76,289777168,05-DEC-2019,07-DEC-2019,10,,,,,,,MX3
MX2,MX3,044KMX,0,INFUSION HERBAL,3710054468,5710033081,27,289855192,04-DEC-2019,07-DEC-2019,29,29,D99696A00,09-oct-21,Active,,,MX3
MX2,MX3,0366MX,4,BARRA CON PROTEINA DELUXE SABOR LIMON,3710054468,5710033081,55,289855192,04-DEC-2019,07-DEC-2019,100,100,G29617A,05-AUG-20,Active,,,MX3
MX2,MX3,0884MX,1,HERBALIFE NUMERO 1 SABOR A CHOCO-AVELLANA,3710054468,5710033081,43,289855192,04-DEC-2019,07-DEC-2019,111,111,9996900,16-oct-21,Active,,,MX3
MX2,MX3,4004MX,5,HERBALIFE NUMERO 1 SABOR VAINILLA,3710054471,5710033100,22,289777168,05-DEC-2019,07-DEC-2019,120,120,99954800000,22-may-21,Active,,,MX3
MX2,MX3,1926MX,0,PERSONALIZED PROTEIN POWDER,3710054471,5710033100,6,289777168,05-DEC-2019,07-DEC-2019,432,432,999411A00,10-JAN-21,Active,,,MX3
MX2,MX3,N487MX,4,DOOR OP -  (100 CARD SET) COMBO2,3710054471,5710033100,78,289777168,05-DEC-2019,07-DEC-2019,10,,,,,,,MX3
MX2,MX1,0366MX,4,BARRA CON PROTEINA DELUXE SABOR LIMON,3710054368,5710033008,31,288622504,29-nov-19,30-nov-19,12,12,G29617A,05-AUG-20,Active,JB Hunt,,MX1
MX2,MX1,0940MX,2,HERBALIFE NUMERO 1 SABOR DULCE DE LECHE,3710054368,5710033008,41,288622504,29-nov-19,30-nov-19,24,24,999598B02,12-jul-21,Active,JB Hunt,,MX1
MX2,MX1,2631MX,2,HERBAL ALOE CONCENTRADO SABOR MANDARINA,3710054368,5710033008,40,288622504,29-nov-19,30-nov-19,24,24,999634F02,22-AUG-21,Active,JB Hunt,,MX1
MX2,MX1,1841MX,4,XTRA-CALCIO ADVANCED,3710054368,5710033008,13,288622504,29-nov-19,30-nov-19,6,6,9995220000,02-may-21,Active,JB Hunt,,MX1
MX2,MX1,3100MX,23,FLORAFIBER,3710054365,5710033007,8,288622503,29-nov-19,30-nov-19,44,44,C29460F23,28-feb-21,Active,JB Hunt,,MX1
MX2,MX1,8504MX,1,I LOVE HERBALIFE BUTTON - EA - MX,3710054365,5710033007,64,288622503,29-nov-19,30-nov-19,30,,,,,JB Hunt,,MX1
MX2,MX3,0565MX,5,XTRA-CAL ADVANCED,3710054489,5710033092,21,289777122,04-DEC-2019,07-DEC-2019,70,70,B79522B05,03-APR-21,Active,,,MX3
MX2,MX1,3189MX,11,THERMOJETICS POLVO PARA PREPARAR BEBIDA SABOR PONCHE DE FRUTAS,3710054365,5710033007,59,288622503,29-nov-19,30-nov-19,48,48,609417A11.,07-nov-20,Active,JB Hunt,,MX1
MX2,MX1,0963MX,4,THERMOJETICS CONCENTRADO DE HIERBAS  51 G,3710054368,5710033008,20,288622504,29-nov-19,30-nov-19,48,48,D99590V04,27-jun-21,,JB Hunt,,MX1
MX2,MX1,2131MX,1,N-R-G TE SABOR MANZANA VERDE,3710054361,5710033006,42,288622502,29-nov-19,30-nov-19,120,120,D99606F01,22-jul-21,Active,JB Hunt,,MX1
MX2,MX1,4000MX,6,HERBALIFE NUMERO 1 SABOR COOKIES & CREAM,3710054368,5710033008,3,288622504,29-nov-19,30-nov-19,48,48,D99607D06,25-jul-21,Active,JB Hunt,,MX1
MX2,MX1,0771MX,3,HERBALIFE SKIN CREMA HIDRATANTE PARA CONTORNO DE OJOS,3710054368,5710033008,44,288622504,29-nov-19,30-nov-19,1,1,579474A03.,12-mar-21,Active,JB Hunt,,MX1
MX2,MX1,4008MX,5,HERBALIFE NUMERO 1 - CHOCO MIX SABOR MOKACCINO,3710054361,5710033006,45,288622502,29-nov-19,30-nov-19,24,24,999492H05,02-APR-21,Active,JB Hunt,,MX1
MX2,MX1,0767MX,1,HERBALIFE SKIN TONICO CON ALOE ROMERO Y MANZANILLA,3710054361,5710033006,57,288622502,29-nov-19,30-nov-19,8,8,579424F01,31-JAN-21,Active,JB Hunt,,MX1
MX2,MX1,0767MX,1,HERBALIFE SKIN TONICO CON ALOE ROMERO Y MANZANILLA,3710054365,5710033007,55,288622503,29-nov-19,30-nov-19,1,1,579424F01,31-JAN-21,Active,JB Hunt,,MX1
MX2,MX1,602760,0,PIN ANIVERSARIO 1 ANO,3710054365,5710033007,73,288622503,29-nov-19,30-nov-19,5,,,,,JB Hunt,,MX1
MX2,MX1,602775,2,DIPLOMA SP/PERSONALIZADO,3710054365,5710033007,80,288622503,29-nov-19,30-nov-19,1,,,,,JB Hunt,,MX1
MX2,MX1,0774MX,1,HERBALIFE SKIN CREMA HIDRATANTE DE NOCHE,3710054361,5710033006,53,288622502,29-nov-19,30-nov-19,2,2,579429D01,31-JAN-21,Active,JB Hunt,,MX1
MX2,MX1,602784,0,PIN EQUIPO MUNDO,3710054361,5710033006,64,288622502,29-nov-19,30-nov-19,2,,,,,JB Hunt,,MX1
MX2,MX1,603481,0,DIPLOMA ASP SIN PIEDRAS/PERSONALIZADO,3710054361,5710033006,72,288622502,29-nov-19,30-nov-19,1,,,,,JB Hunt,,MX1
MX2,MX1,2555MX,1,HERBALIFE NUMERO 1 SABOR PLATANO,3710054361,5710033006,44,288622502,29-nov-19,30-nov-19,60,60,999620D01,02-AUG-21,Active,JB Hunt,,MX1
MX2,MX1,1829MX,1,PROBIOTIC ADVANTAGE,3710054365,5710033007,27,288622503,29-nov-19,30-nov-19,32,32,B79410A01,02-JAN-21,Active,JB Hunt,,MX1
MX2,MX1,0884MX,0,HERBALIFE NUMERO 1 SABOR A CHOCO-AVELLANA,3710054365,5710033007,32,288622503,29-nov-19,30-nov-19,540,540,999691A00,17-oct-21,Active,JB Hunt,,MX1
MX2,MX1,3123MX,9,CELL ACTIVATOR,3710054368,5710033008,30,288622504,29-nov-19,30-nov-19,6,6,369590A09,25-jun-21,Active,JB Hunt,,MX1
MX2,MX1,0085MX,13,N-R-G TE,3710054368,5710033008,7,288622504,29-nov-19,30-nov-19,72,72,D99641A13,14-AUG-21,Active,JB Hunt,,MX1
MX2,MX3,605837,0,DIPLOMA EN OPALINA AWT TAB,3710054508,5710033109,92,290014637,05-DEC-2019,08-DEC-2019,1,,,,,,,MX3
MX2,MX1,1829MX,1,PROBIOTIC ADVANTAGE,3710054417,5710033078,27,289654469,04-DEC-2019,05-DEC-2019,12,12,B79410A01,02-JAN-21,Active,JB Hunt,,MX1
MX2,MX3,0064MX,2,ARANDANO CON MINERALES VITAMINAS Y LUTEINA,3710054489,5710033092,38,289777122,04-DEC-2019,07-DEC-2019,30,30,369697A02,09-oct-21,,,,MX3
MX2,MX3,2555MX,1,HERBALIFE NUMERO 1 SABOR PLATANO,3710054489,5710033092,31,289777122,04-DEC-2019,07-DEC-2019,48,48,9994140,14-JAN-21,Active,,,MX3
MX2,MX3,0770MX,3,HERBALIFE SKIN GEL REAFIRMANTE PARA CONTORNO DE OJOS,3710054508,5710033109,74,290014637,05-DEC-2019,08-DEC-2019,10,10,579503A03,30-APR-21,Active,,,MX3
MX2,MX3,0767MX,1,HERBALIFE SKIN TONICO CON ALOE ROMERO Y MANZANILLA,3710054508,5710033109,68,290014637,05-DEC-2019,08-DEC-2019,30,30,579509D01,30-APR-21,Active,,,MX3
MX2,MX3,K977MX,0,HERBALIFE SCALE,3710054508,5710033109,83,290014637,05-DEC-2019,08-DEC-2019,8,,,,,,,MX3
MX2,MX3,1926MX,0,PERSONALIZED PROTEIN POWDER,3710054508,5710033109,18,290014637,05-DEC-2019,08-DEC-2019,276,276,999411A00,10-JAN-21,Active,,,MX3
MX2,MX3,1829MX,1,PROBIOTIC ADVANTAGE,3710054508,5710033109,50,290014637,05-DEC-2019,08-DEC-2019,90,90,B79529A01,08-may-21,Active,,,MX3
MX2,MX1,6495MX,1,BINDER FOR NUTRITION CLUB,3710054365,5710033007,72,288622503,29-nov-19,30-nov-19,12,,,,,JB Hunt,,MX1
MX2,MX1,4008MX,5,HERBALIFE NUMERO 1 - CHOCO MIX SABOR MOKACCINO,3710054365,5710033007,43,288622503,29-nov-19,30-nov-19,96,96,999492H05,02-APR-21,Active,JB Hunt,,MX1
MX2,MX1,4002MX,5,HERBALIFE NUMERO 1 SABOR FRESA,3710054369,5710033009,7,288622505,29-nov-19,30-nov-19,12,12,999612D05,31-jul-21,Active,JB Hunt,,MX1
MX2,MX1,2648MX,1,PERSONALIZED PROTEIN POWDER SABOR FRUTOS ROJOS,3710054369,5710033009,23,288622505,29-nov-19,30-nov-19,12,12,999416A01,14-JAN-21,Active,JB Hunt,,MX1
MX2,MX1,0065MX,11,HERBALIFELINE,3710054361,5710033006,30,288622502,29-nov-19,30-nov-19,24,24,229522A11,02-mar-21,,JB Hunt,,MX1
MX2,MX1,1155MX,18,THERMO-BOND,3710054361,5710033006,21,288622502,29-nov-19,30-nov-19,6,6,C29500A18,31-mar-21,Active,JB Hunt,,MX1
MX2,MX1,0032MX,5,GARLIC PLUS,3710054417,5710033078,22,289654469,04-DEC-2019,05-DEC-2019,10,10,229506H05.,23-sep-20,Active,JB Hunt,,MX1
MX2,MX1,1188MX,7,HERBAL ALOE CONCENTRADO SABOR MANGO 1892 L,3710054417,5710033078,5,289654469,04-DEC-2019,05-DEC-2019,18,18,999561J07,10-jun-21,Active,JB Hunt,,MX1
MX2,MX3,4000MX,6,HERBALIFE NUMERO 1 SABOR COOKIES & CREAM,3710054489,5710033092,3,289777122,04-DEC-2019,07-DEC-2019,252,252,D99533A06,06-may-21,Active,,,MX3
MX2,MX3,602796,1,DIPLOMA EN OPALINA AWT 1ST,3710054489,5710033092,77,289777122,04-DEC-2019,07-DEC-2019,1,,,,,,,MX3
MX2,MX3,3175MX,20,THERMOJETICS POLVO PARA PREPARAR BATIDO SABOR VAINILLA,3710054508,5710033109,37,290014637,05-DEC-2019,08-DEC-2019,79,79,D98660A20,10-sep-20,Active,,,MX3
MX2,MX3,1019MX,20,HERBAL ALOE CONCENTRADO,3710054508,5710033109,6,290014637,05-DEC-2019,08-DEC-2019,540,540,999660A20,16-sep-21,Active,,,MX3
MX2,MX3,3100MX,23,FLORAFIBER,3710054508,5710033109,17,290014637,05-DEC-2019,08-DEC-2019,280,280,C29460B23,31-JAN-21,Active,,,MX3
MX2,MX3,0032MX,5,GARLIC PLUS,3710054508,5710033109,30,290014637,05-DEC-2019,08-DEC-2019,154,154,229507A05,25-sep-20,Active,,,MX3
MX2,MX1,0774MX,1,HERBALIFE SKIN CREMA HIDRATANTE DE NOCHE,3710054417,5710033078,49,289654469,04-DEC-2019,05-DEC-2019,1,1,579429D01,31-JAN-21,Active,JB Hunt,,MX1
MX2,MX1,0922MX,4,THERMOJETICS CONCENTRADO DE HIERBAS SABOR LIMON  51 G,3710054417,5710033078,3,289654469,04-DEC-2019,05-DEC-2019,144,144,D99655F04,11-sep-21,Active,JB Hunt,,MX1
MX2,MX1,1841MX,4,XTRA-CALCIO ADVANCED,3710054417,5710033078,16,289654469,04-DEC-2019,05-DEC-2019,3,3,9995220000,02-may-21,Active,JB Hunt,,MX1
MX2,MX1,2364MX,1,HERBALIFE NUMERO 2 POLVO,3710054417,5710033078,54,289654469,04-DEC-2019,05-DEC-2019,2,2,999477A01,15-mar-21,Active,JB Hunt,,MX1
MX2,MX3,2131MX,1,N-R-G TE SABOR MANZANA VERDE,3710054489,5710033092,11,289777122,04-DEC-2019,07-DEC-2019,120,120,D99543B01,15-may-21,Active,,,MX3
MX2,MX3,1188MX,7,HERBAL ALOE CONCENTRADO SABOR MANGO 1892 L,3710054508,5710033109,34,290014637,05-DEC-2019,08-DEC-2019,132,132,999536D07,16-may-21,Active,,,MX3
MX2,MX3,0413MX,5,HERBAL ALOE GEL CORPORAL CON ALOE,3710054508,5710033109,41,290014637,05-DEC-2019,08-DEC-2019,108,108,579514C05,30-APR-21,Active,,,MX3
MX2,MX3,0366MX,4,BARRA CON PROTEINA DELUXE SABOR LIMON,3710054508,5710033109,40,290014637,05-DEC-2019,08-DEC-2019,108,108,G29617A,05-AUG-20,Active,,,MX3
MX2,MX1,1829MX,1,PROBIOTIC ADVANTAGE,3710054368,5710033008,23,288622504,29-nov-19,30-nov-19,3,3,B79410A01,02-JAN-21,Active,JB Hunt,,MX1
MX2,MX1,0077MX,6,TC FORMULA,3710054369,5710033009,25,288622505,29-nov-19,30-nov-19,3,3,369639A06,23-jul-21,Active,JB Hunt,,MX1
MX2,MX1,1019MX,20,HERBAL ALOE CONCENTRADO,3710054369,5710033009,1,288622505,29-nov-19,30-nov-19,60,60,999660A20,16-sep-21,,JB Hunt,,MX1
MX2,MX1,0085MX,13,N-R-G TE,3710054369,5710033009,5,288622505,29-nov-19,30-nov-19,48,48,D99641A13,14-AUG-21,Active,JB Hunt,,MX1
MX2,MX3,4000MX,6,HERBALIFE NUMERO 1 SABOR COOKIES & CREAM,3710054468,5710033081,33,289855192,04-DEC-2019,07-DEC-2019,719,719,D99533A06,06-may-21,Active,,,MX3
MX2,MX3,0922MX,4,THERMOJETICS CONCENTRADO DE HIERBAS SABOR LIMON  51 G,3710054468,5710033081,23,289855192,04-DEC-2019,07-DEC-2019,113,113,D99639K04,20-AUG-21,Active,,,MX3
MX2,MX3,3123MX,9,CELL ACTIVATOR,3710054468,5710033081,17,289855192,04-DEC-2019,07-DEC-2019,93,93,369589A09,05-jun-21,Active,,,MX3
MX2,MX3,1095MX,7,PROLESSA DUO,3710054468,5710033081,25,289855192,04-DEC-2019,07-DEC-2019,301,301,999677C07,18-mar-21,Active,,,MX3
MX2,MX3,1065MX,8,HERBAL ALOE CONCENTRADO - SABOR MANGO,3710054471,5710033100,11,289777168,05-DEC-2019,07-DEC-2019,252,252,999548A08,28-may-21,Active,,,MX3
MX2,MX3,4001MX,5,HERBALIFE NUMERO 1 SABOR PINA COLADA,3710054471,5710033100,25,289777168,05-DEC-2019,07-DEC-2019,108,108,999620A05,07-AUG-21,Active,,,MX3
MX2,MX3,602797,1,SOBRE CAPLE/ETIQ PERSONAL,3710054471,5710033100,81,289777168,05-DEC-2019,07-DEC-2019,5,,,,,,,MX3
MX2,MX3,3176MX,18,THERMOJETICS POLVO PARA PREPARAR BATIDO SABOR A CHOCOLATE,3710054471,5710033100,68,289777168,05-DEC-2019,07-DEC-2019,12,12,D99673F18,16-sep-21,Active,,,MX3
MX2,MX3,1065MX,8,HERBAL ALOE CONCENTRADO - SABOR MANGO,3710054468,5710033081,49,289855192,04-DEC-2019,07-DEC-2019,250,250,999548A08,28-may-21,Active,,,MX3
MX2,MX1,4002MX,5,HERBALIFE NUMERO 1 SABOR FRESA,3710054417,5710033078,11,289654469,04-DEC-2019,05-DEC-2019,24,24,999612D05,31-jul-21,Active,JB Hunt,,MX1
MX2,MX3,417UMX,0,SOUP CONTAINER,3710054471,5710033100,82,289777168,05-DEC-2019,07-DEC-2019,5,,,,,,,MX3
MX2,MX3,0077MX,6,TC FORMULA,3710054471,5710033100,50,289777168,05-DEC-2019,07-DEC-2019,40,40,369568B06,21-may-21,Active,,,MX3
MX2,MX3,0039MX,16,PRELOX AZUL,3710054468,5710033081,10,289855192,04-DEC-2019,07-DEC-2019,85,85,369661A16,18-jul-21,Active,,,MX3
MX2,MX3,0767MX,1,HERBALIFE SKIN TONICO CON ALOE ROMERO Y MANZANILLA,3710054471,5710033100,62,289777168,05-DEC-2019,07-DEC-2019,20,20,579509D01,30-APR-21,Active,,,MX3
MX2,MX3,0899MX,6,HERBALIFE SKIN CREMA HUMECTANTE FPS 30,3710054471,5710033100,63,289777168,05-DEC-2019,07-DEC-2019,20,20,579457J06,28-feb-21,Active,,,MX3
MX2,MX3,602768,0,PIN ANIVERSARIO 10 ANO,3710054471,5710033100,80,289777168,05-DEC-2019,07-DEC-2019,5,,,,,,,MX3
MX2,MX3,0831MX,2,HERBALIFE COLAGENO,3710051992,5710031046,1,277224300,06-AUG-2019,10-AUG-2019,3,3,D99528B02,07-may-21,Active,,,MX3
MX2,MX1,2374MX,0,HERBALIFE PRO SABOR MIEL-LIMON Y JENGIBRE,3710054368,5710033008,37,288622504,29-nov-19,30-nov-19,6,6,999522D00,01-may-21,Active,JB Hunt,,MX1
MX2,MX1,0077MX,6,TC FORMULA,3710054365,5710033007,44,288622503,29-nov-19,30-nov-19,8,8,369639A06,23-jul-21,Active,JB Hunt,,MX1
MX2,MX3,3175MX,21,THERMOJETICS POLVO PARA PREPARAR BATIDO SABOR VAINILLA,3710054489,5710033092,14,289777122,04-DEC-2019,07-DEC-2019,96,96,D99597A21,11-jul-21,Active,,,MX3
MX2,MX3,1019MX,20,HERBAL ALOE CONCENTRADO,3710054489,5710033092,1,289777122,04-DEC-2019,07-DEC-2019,660,660,999660A20,16-sep-21,Active,,,MX3
MX2,MX3,1094MX,9,SCHIZANDRA PLUS,3710054489,5710033092,33,289777122,04-DEC-2019,07-DEC-2019,40,40,369543A09,08-APR-21,Active,,,MX3
MX2,MX3,1065MX,8,HERBAL ALOE CONCENTRADO - SABOR MANGO,3710054489,5710033092,13,289777122,04-DEC-2019,07-DEC-2019,108,108,999548A08,28-may-21,Active,,,MX3
MX2,MX1,3525MX,4,THERMOJETICS BARRA CON PROTEINA SABOR A CHOCOLATE,3710054361,5710033006,27,288622502,29-nov-19,30-nov-19,48,48,LK29607A04,26-jul-20,Active,JB Hunt,,MX1
MX2,MX1,1417MX,8,HERBALIFE 24 STRENGTH,3710054361,5710033006,47,288622502,29-nov-19,30-nov-19,2,2,D99592E08,09-jul-21,Active,JB Hunt,,MX1
MX2,MX1,0064MX,2,ARANDANO CON MINERALES VITAMINAS Y LUTEINA,3710054361,5710033006,34,288622502,29-nov-19,30-nov-19,12,12,369591A02,13-jun-21,Active,JB Hunt,,MX1
MX2,MX1,3123MX,9,CELL ACTIVATOR,3710054365,5710033007,34,288622503,29-nov-19,30-nov-19,34,34,369590A09,25-jun-21,Active,JB Hunt,,MX1
MX2,MX1,4002MX,5,HERBALIFE NUMERO 1 SABOR FRESA,3710054365,5710033007,12,288622503,29-nov-19,30-nov-19,156,156,999612D05,31-jul-21,Active,JB Hunt,,MX1
MX2,MX1,1610MX,0,HERBAL ALOE CONCENTRADO SABOR UVA,3710054369,5710033009,19,288622505,29-nov-19,30-nov-19,24,24,999534D00,14-may-21,Active,JB Hunt,,MX1
MX2,MX1,4001MX,5,HERBALIFE NUMERO 1 SABOR PINA COLADA,3710054368,5710033008,22,288622504,29-nov-19,30-nov-19,12,12,999620A05,07-AUG-21,Active,JB Hunt,,MX1
MX2,MX1,1019MX,20,HERBAL ALOE CONCENTRADO,3710054365,5710033007,1,288622503,29-nov-19,30-nov-19,840,840,999660A20,16-sep-21,,JB Hunt,,MX1
MX2,MX1,1094MX,9,SCHIZANDRA PLUS,3710054361,5710033006,19,288622502,29-nov-19,30-nov-19,18,18,369543A09,08-APR-21,Active,JB Hunt,,MX1
MX2,MX1,1095MX,7,PROLESSA DUO,3710054361,5710033006,18,288622502,29-nov-19,30-nov-19,60,60,999575C07,13-DEC-20,Active,JB Hunt,,MX1
MX2,MX1,0364MX,4,BARRA CON PROTEINA DELUXE SABOR VAINILLA CON ALMENDRAS,3710054361,5710033006,39,288622502,29-nov-19,30-nov-19,12,12,G29570A,19-jun-20,Active,JB Hunt,,MX1
MX2,MX1,0770MX,3,HERBALIFE SKIN GEL REAFIRMANTE PARA CONTORNO DE OJOS,3710054361,5710033006,51,288622502,29-nov-19,30-nov-19,1,1,579503A03,30-APR-21,Active,JB Hunt,,MX1
MX2,MX1,0771MX,3,HERBALIFE SKIN CREMA HIDRATANTE PARA CONTORNO DE OJOS,3710054365,5710033007,53,288622503,29-nov-19,30-nov-19,2,2,579474A03.,12-mar-21,Active,JB Hunt,,MX1
MX2,MX1,602797,1,SOBRE CAPLE/ETIQ PERSONAL,3710054365,5710033007,70,288622503,29-nov-19,30-nov-19,20,,,,,JB Hunt,,MX1
MX2,MX1,1061MX,1,WOMAN'S CHOICE,3710054365,5710033007,54,288622503,29-nov-19,30-nov-19,24,24,229617C01,19-jul-21,Active,JB Hunt,,MX1
MX2,MX1,0831MX,3,HERBALIFE COLAGENO,3710054365,5710033007,51,288622503,29-nov-19,30-nov-19,60,60,D99624B03,06-AUG-21,Active,JB Hunt,,MX1
MX2,MX1,0899MX,6,HERBALIFE SKIN CREMA HUMECTANTE FPS 30,3710054361,5710033006,58,288622502,29-nov-19,30-nov-19,8,8,579457J06.,26-feb-21,Active,JB Hunt,,MX1
MX2,MX1,1610MX,0,HERBAL ALOE CONCENTRADO SABOR UVA,3710054365,5710033007,31,288622503,29-nov-19,30-nov-19,180,180,999534D00,14-may-21,Active,JB Hunt,,MX1
MX2,MX1,3115MX,8,HERBALIFE NUMERO 2,3710054368,5710033008,6,288622504,29-nov-19,30-nov-19,4,4,229520B08,10-APR-21,Active,JB Hunt,,MX1
MX2,MX1,0065MX,11,HERBALIFELINE,3710054368,5710033008,25,288622504,29-nov-19,30-nov-19,12,12,229522A11,02-mar-21,,JB Hunt,,MX1
MX2,MX1,0032MX,5,GARLIC PLUS,3710054368,5710033008,19,288622504,29-nov-19,30-nov-19,8,8,229506H05.,23-sep-20,Active,JB Hunt,,MX1
MX2,MX1,8504MX,1,I LOVE HERBALIFE BUTTON - EA - MX,3710054417,5710033078,66,289654469,04-DEC-2019,05-DEC-2019,30,,,,,JB Hunt,,MX1
MX2,MX1,600017,26,PRICELIST,3710054417,5710033078,74,289654469,04-DEC-2019,05-DEC-2019,160,,,,,JB Hunt,,MX1
MX2,MX3,1095MX,7,PROLESSA DUO,3710054489,5710033092,66,289777122,04-DEC-2019,07-DEC-2019,10,10,999677C07,18-mar-21,Active,,,MX3
MX2,MX3,4007MX,5,HERBALIFE NUMERO 1 SABOR FRUTAS TROPICALES,3710054508,5710033109,25,290014637,05-DEC-2019,08-DEC-2019,170,170,999541A05,20-may-21,Active,,,MX3
MX2,MX3,602768,0,PIN ANIVERSARIO 10 ANO,3710054508,5710033109,79,290014637,05-DEC-2019,08-DEC-2019,10,,,,,,,MX3
MX2,MX3,0922MX,4,THERMOJETICS CONCENTRADO DE HIERBAS SABOR LIMON  51 G,3710054508,5710033109,12,290014637,05-DEC-2019,08-DEC-2019,384,384,D99639K04,20-AUG-21,Active,,,MX3
MX2,MX3,603828,1,MINIPRINTER THERMAL ROLLS,3710054508,5710033109,36,290014637,05-DEC-2019,08-DEC-2019,120,,,,,,,MX3
MX2,MX3,2131MX,1,N-R-G TE SABOR MANZANA VERDE,3710054508,5710033109,10,290014637,05-DEC-2019,08-DEC-2019,432,432,D99543B01,15-may-21,Active,,,MX3
MX2,MX1,0085MX,13,N-R-G TE,3710054365,5710033007,10,288622503,29-nov-19,30-nov-19,648,648,D99641A13,14-AUG-21,Active,JB Hunt,,MX1
MX2,MX1,1188MX,7,HERBAL ALOE CONCENTRADO SABOR MANGO 1892 L,3710054365,5710033007,5,288622503,29-nov-19,30-nov-19,12,12,999561J07,10-jun-21,Active,JB Hunt,,MX1
MX2,MX1,0413MX,5,HERBAL ALOE GEL CORPORAL CON ALOE,3710054365,5710033007,58,288622503,29-nov-19,30-nov-19,24,24,579514C05,30-APR-21,Active,JB Hunt,,MX1
MX2,MX1,3119MX,3,THERMOJETICS POLVO PARA PREPARAR BEBIDAS SABOR PONCHE DE FRUTAS,3710054365,5710033007,19,288622503,29-nov-19,30-nov-19,276,276,609568A03,13-jun-21,Active,JB Hunt,,MX1
MX2,MX1,4000MX,6,HERBALIFE NUMERO 1 SABOR COOKIES & CREAM,3710054369,5710033009,3,288622505,29-nov-19,30-nov-19,24,24,D99607D06,25-jul-21,Active,JB Hunt,,MX1
MX2,MX1,0963MX,4,THERMOJETICS CONCENTRADO DE HIERBAS  51 G,3710054369,5710033009,15,288622505,29-nov-19,30-nov-19,24,24,D99590V04,27-jun-21,,JB Hunt,,MX1
MX2,MX1,2374MX,0,HERBALIFE PRO SABOR MIEL-LIMON Y JENGIBRE,3710054369,5710033009,24,288622505,29-nov-19,30-nov-19,1,1,999522D00,01-may-21,Active,JB Hunt,,MX1
MX2,MX1,3115MX,8,HERBALIFE NUMERO 2,3710054361,5710033006,9,288622502,29-nov-19,30-nov-19,16,16,229520B08,10-APR-21,Active,JB Hunt,,MX1
MX2,MX1,1019MX,20,HERBAL ALOE CONCENTRADO,3710054361,5710033006,1,288622502,29-nov-19,30-nov-19,420,420,999660A20,16-sep-21,,JB Hunt,,MX1
MX2,MX1,602766,0,PIN ANIVERSARIO 7 ANO,3710054417,5710033078,76,289654469,04-DEC-2019,05-DEC-2019,2,,,,,JB Hunt,,MX1
MX2,MX1,602190,0,BAG FOR ULTIMATE,3710054417,5710033078,61,289654469,04-DEC-2019,05-DEC-2019,2,,,,,JB Hunt,,MX1
MX2,MX3,0766MX,2,HERBALIFE SKIN LIMPIADOR CITRICO PARA LA PIEL,3710054489,5710033092,67,289777122,04-DEC-2019,07-DEC-2019,10,10,579498D02,31-mar-21,Active,,,MX3
MX2,MX3,0922MX,4,THERMOJETICS CONCENTRADO DE HIERBAS SABOR LIMON  51 G,3710054489,5710033092,45,289777122,04-DEC-2019,07-DEC-2019,24,24,D99639K04,20-AUG-21,Active,,,MX3
MX2,MX3,2631MX,2,HERBAL ALOE CONCENTRADO SABOR MANDARINA,3710054489,5710033092,8,289777122,04-DEC-2019,07-DEC-2019,156,156,999654B02,10-sep-21,Active,,,MX3
MX2,MX3,1155MX,18,THERMO-BOND,3710054508,5710033109,57,290014637,05-DEC-2019,08-DEC-2019,70,70,C29591A18,31-may-21,Active,,,MX3
MX2,MX3,7056MX,2,TOTE BAG,3710054508,5710033109,35,290014637,05-DEC-2019,08-DEC-2019,125,,,,,,,MX3
MX2,MX3,602190,0,BAG FOR ULTIMATE,3710054508,5710033109,76,290014637,05-DEC-2019,08-DEC-2019,10,,,,,,,MX3
MX2,MX3,1412MX,5,HERBALIFE 24 HERBALIFE NUMERO 1 SPORT SABOR VAINILLA,3710054489,5710033092,59,289777122,04-DEC-2019,07-DEC-2019,12,12,999599B05,18-jul-21,Active,,,MX3
MX2,MX3,1428MX,2,TE VERDE SABOR GRANADA 48 G,3710054489,5710033092,44,289777122,04-DEC-2019,07-DEC-2019,25,25,D99627G02,10-jul-21,Active,,,MX3
MX2,MX3,335A,0,HLN HERBALIFE  SPORTS BOTTLE,3710054489,5710033092,76,289777122,04-DEC-2019,07-DEC-2019,1,,,,,,,MX3
MX2,MX3,0370MX,9,CELL-U-LOSS,3710054508,5710033109,23,290014637,05-DEC-2019,08-DEC-2019,216,216,369610C09,14-jun-21,Active,,,MX3
MX2,MX3,8375MX,0,BUTTON NC,3710054508,5710033109,86,290014637,05-DEC-2019,08-DEC-2019,5,,,,,,,MX3
MX2,MX3,1417MX,7,HERBALIFE 24 STRENGTH,3710054508,5710033109,67,290014637,05-DEC-2019,08-DEC-2019,15,15,D98706U07,05-sep-20,Active,,,MX3
MX2,MX3,4001MX,4,HERBALIFE NUMERO 1 SABOR PINA COLADA,3710054508,5710033109,52,290014637,05-DEC-2019,08-DEC-2019,84,84,998647C04,31-AUG-20,Active,,,MX3
MX2,MX1,044KMX,0,INFUSION HERBAL,3710054368,5710033008,46,288622504,29-nov-19,30-nov-19,24,24,D99696A00,09-oct-21,Active,JB Hunt,,MX1
MX2,MX1,8504MX,1,I LOVE HERBALIFE BUTTON - EA - MX,3710054369,5710033009,32,288622505,29-nov-19,30-nov-19,10,,,,,JB Hunt,,MX1
MX2,MX1,8654MX,8,DOOR OP M(8+9+10+11+12+13) -  (60 CARD SET) COMBO1,3710054369,5710033009,31,288622505,29-nov-19,30-nov-19,1,,,,,JB Hunt,,MX1
MX2,MX1,1094MX,9,SCHIZANDRA PLUS,3710054369,5710033009,11,288622505,29-nov-19,30-nov-19,3,3,369543A09,08-APR-21,Active,JB Hunt,,MX1
MX2,MX3,0963MX,4,THERMOJETICS CONCENTRADO DE HIERBAS  51 G,3710054468,5710033081,26,289855192,04-DEC-2019,07-DEC-2019,138,138,D99659C04,11-sep-21,Active,,,MX3
MX2,MX3,0064MX,2,ARANDANO CON MINERALES VITAMINAS Y LUTEINA,3710054468,5710033081,1,289855192,04-DEC-2019,07-DEC-2019,732,732,369697A02,09-oct-21,,,,MX3
MX2,MX3,3119MX,3,THERMOJETICS POLVO PARA PREPARAR BEBIDAS SABOR PONCHE DE FRUTAS,3710054468,5710033081,4,289855192,04-DEC-2019,07-DEC-2019,565,565,609569A03,13-jun-21,Active,,,MX3
MX2,MX3,0085MX,13,N-R-G TE,3710054471,5710033100,3,289777168,05-DEC-2019,07-DEC-2019,912,912,D99639S13,13-AUG-21,Active,,,MX3
MX2,MX3,0039MX,16,PRELOX AZUL,3710054471,5710033100,60,289777168,05-DEC-2019,07-DEC-2019,20,20,369661A16,18-jul-21,Active,,,MX3
MX2,MX3,3100MX,23,FLORAFIBER,3710054468,5710033081,46,289855192,04-DEC-2019,07-DEC-2019,254,254,C29460B23,31-JAN-21,Active,,,MX3
MX2,MX3,4002MX,5,HERBALIFE NUMERO 1 SABOR FRESA,3710054468,5710033081,35,289855192,04-DEC-2019,07-DEC-2019,213,213,999612D05,31-jul-21,Active,,,MX3
MX2,MX3,1473MX,0,HERBALIFE 24 CR7 DRIVE,3710054468,5710033081,29,289855192,04-DEC-2019,07-DEC-2019,344,344,609660B00,06-AUG-21,Active,,,MX3
MX2,MX1,0765MX,2,HERBALIFE SKIN GEL LIMPIADOR DE SABILA,3710054417,5710033078,57,289654469,04-DEC-2019,05-DEC-2019,4,4,579449B02.,12-feb-21,Active,JB Hunt,,MX1
MX2,MX3,1155MX,18,THERMO-BOND,3710054489,5710033092,43,289777122,04-DEC-2019,07-DEC-2019,25,25,C29591A18,31-may-21,Active,,,MX3
MX2,MX3,0963MX,4,THERMOJETICS CONCENTRADO DE HIERBAS  51 G,3710054471,5710033100,8,289777168,05-DEC-2019,07-DEC-2019,312,312,D99659C04,11-sep-21,Active,,,MX3
MX2,MX3,2631MX,2,HERBAL ALOE CONCENTRADO SABOR MANDARINA,3710054471,5710033100,5,289777168,05-DEC-2019,07-DEC-2019,504,504,999654B02,10-sep-21,Active,,,MX3
MX2,MX3,1061MX,1,WOMAN'S CHOICE,3710054471,5710033100,58,289777168,05-DEC-2019,07-DEC-2019,30,30,229618A01,22-jul-21,Active,,,MX3
MX2,MX3,2364MX,1,HERBALIFE NUMERO 2 POLVO,3710054471,5710033100,57,289777168,05-DEC-2019,07-DEC-2019,30,30,999477A01,15-mar-21,Active,,,MX3
MX2,MX1,0039MX,16,PRELOX AZUL,3710054417,5710033078,42,289654469,04-DEC-2019,05-DEC-2019,2,2,3.69527E+21,23-APR-21,Active,JB Hunt,,MX1
MX2,MX3,3115MX,8,HERBALIFE NUMERO 2,3710054471,5710033100,39,289777168,05-DEC-2019,07-DEC-2019,50,50,229520B08,10-APR-21,Active,,,MX3
MX2,MX3,8504MX,1,I LOVE HERBALIFE BUTTON - EA - MX,3710054471,5710033100,40,289777168,05-DEC-2019,07-DEC-2019,50,,,,,,,MX3
MX2,MX3,2644MX,2,XTRA SHAKE SABOR A NUEZ,3710054468,5710033081,6,289855192,04-DEC-2019,07-DEC-2019,24,24,99950500,05-mar-21,Active,,,MX3
MX2,MX3,1155MX,18,THERMO-BOND,3710054471,5710033100,52,289777168,05-DEC-2019,07-DEC-2019,40,40,C29591A18,31-may-21,Active,,,MX3
MX2,MX3,4008MX,5,HERBALIFE NUMERO 1 - CHOCO MIX SABOR MOKACCINO,3710054471,5710033100,32,289777168,05-DEC-2019,07-DEC-2019,84,84,999555C05,04-jun-21,Active,,,MX3
MX2,MX3,605703,0,BIODEGRADABLE BAGS,3710054471,5710033100,1,289777168,05-DEC-2019,07-DEC-2019,2000,,,,,,,MX3
MX2,MX1,0064MX,2,ARANDANO CON MINERALES VITAMINAS Y LUTEINA,3710054368,5710033008,29,288622504,29-nov-19,30-nov-19,1,1,369591A02,13-jun-21,Active,JB Hunt,,MX1
MX2,MX1,4007MX,5,HERBALIFE NUMERO 1 SABOR FRUTAS TROPICALES,3710054368,5710033008,35,288622504,29-nov-19,30-nov-19,12,12,999513L05,22-APR-21,Active,JB Hunt,,MX1
MX2,MX1,1473MX,0,HERBALIFE 24 CR7 DRIVE,3710054368,5710033008,42,288622504,29-nov-19,30-nov-19,2,2,609659B00,25-jul-21,Active,JB Hunt,,MX1
MX2,MX1,1926MX,0,PERSONALIZED PROTEIN POWDER,3710054368,5710033008,2,288622504,29-nov-19,30-nov-19,24,24,999605A00,22-jul-21,Active,JB Hunt,,MX1
MX2,MX1,1610MX,0,HERBAL ALOE CONCENTRADO SABOR UVA,3710054361,5710033006,31,288622502,29-nov-19,30-nov-19,156,156,999534D00,14-may-21,Active,JB Hunt,,MX1
MX2,MX1,3115MX,8,HERBALIFE NUMERO 2,3710054365,5710033007,9,288622503,29-nov-19,30-nov-19,32,32,229520B08,10-APR-21,Active,JB Hunt,,MX1
MX2,MX3,3176MX,18,THERMOJETICS POLVO PARA PREPARAR BATIDO SABOR A CHOCOLATE,3710054489,5710033092,58,289777122,04-DEC-2019,07-DEC-2019,12,12,D99673F18,16-sep-21,Active,,,MX3
MX2,MX3,3100MX,23,FLORAFIBER,3710054489,5710033092,25,289777122,04-DEC-2019,07-DEC-2019,60,60,C29460B23,31-JAN-21,Active,,,MX3
MX2,MX3,2864MX,8,ACTIVE FIBER COMPLEX SABOR MANZANA,3710054489,5710033092,9,289777122,04-DEC-2019,07-DEC-2019,156,156,D99523T08,19-APR-21,Active,,,MX3
MX2,MX3,3123MX,9,CELL ACTIVATOR,3710054489,5710033092,41,289777122,04-DEC-2019,07-DEC-2019,30,30,369589A09,05-jun-21,Active,,,MX3
MX2,MX3,0370MX,9,CELL-U-LOSS,3710054489,5710033092,37,289777122,04-DEC-2019,07-DEC-2019,35,35,369610C09,14-jun-21,,,,MX3
MX2,MX3,0085MX,13,N-R-G TE,3710054489,5710033092,2,289777122,04-DEC-2019,07-DEC-2019,648,648,D99639S13,13-AUG-21,Active,,,MX3
MX2,MX1,1188MX,7,HERBAL ALOE CONCENTRADO SABOR MANGO 1892 L,3710054361,5710033006,5,288622502,29-nov-19,30-nov-19,12,12,999561J07,10-jun-21,Active,JB Hunt,,MX1
MX2,MX1,2644MX,2,XTRA SHAKE SABOR A NUEZ,3710054365,5710033007,33,288622503,29-nov-19,30-nov-19,12,12,999554G02,31-may-21,Active,JB Hunt,,MX1
MX2,MX1,1829MX,1,PROBIOTIC ADVANTAGE,3710054361,5710033006,28,288622502,29-nov-19,30-nov-19,3,3,B79410A01,02-JAN-21,Active,JB Hunt,,MX1
MX2,MX1,N487MX,4,DOOR OP -  (100 CARD SET) COMBO2,3710054361,5710033006,67,288622502,29-nov-19,30-nov-19,60,,,,,JB Hunt,,MX1
MX2,MX1,1094MX,9,SCHIZANDRA PLUS,3710054365,5710033007,18,288622503,29-nov-19,30-nov-19,44,44,369543A09,08-APR-21,Active,JB Hunt,,MX1
MX2,MX1,0032MX,5,GARLIC PLUS,3710054361,5710033006,23,288622502,29-nov-19,30-nov-19,28,28,229506H05.,23-sep-20,Active,JB Hunt,,MX1
MX2,MX1,0565MX,5,XTRA-CAL ADVANCED,3710054361,5710033006,38,288622502,29-nov-19,30-nov-19,35,35,B79513A05,02-APR-21,Active,JB Hunt,,MX1
MX2,MX1,0922MX,4,THERMOJETICS CONCENTRADO DE HIERBAS SABOR LIMON  51 G,3710054365,5710033007,3,288622503,29-nov-19,30-nov-19,96,96,D99655F04,11-sep-21,Active,JB Hunt,,MX1
MX2,MX1,0771MX,3,HERBALIFE SKIN CREMA HIDRATANTE PARA CONTORNO DE OJOS,3710054361,5710033006,55,288622502,29-nov-19,30-nov-19,2,2,579474A03.,12-mar-21,Active,JB Hunt,,MX1
MX2,MX1,2644MX,2,XTRA SHAKE SABOR A NUEZ,3710054361,5710033006,33,288622502,29-nov-19,30-nov-19,12,12,999554G02,31-may-21,Active,JB Hunt,,MX1
MX2,MX1,602774,1,TARJETA PVC PERSONALIZADA,3710054361,5710033006,70,288622502,29-nov-19,30-nov-19,2,,,,,JB Hunt,,MX1
MX2,MX1,602775,2,DIPLOMA SP/PERSONALIZADO,3710054361,5710033006,71,288622502,29-nov-19,30-nov-19,2,,,,,JB Hunt,,MX1
MX2,MX1,602787,1,CUADERNILLO WT,3710054361,5710033006,68,288622502,29-nov-19,30-nov-19,1,,,,,JB Hunt,,MX1
MX2,MX1,0922MX,4,THERMOJETICS CONCENTRADO DE HIERBAS SABOR LIMON  51 G,3710054361,5710033006,3,288622502,29-nov-19,30-nov-19,48,48,D99655F04,11-sep-21,Active,JB Hunt,,MX1
MX2,MX1,1428MX,2,TE VERDE SABOR GRANADA 48 G,3710054361,5710033006,29,288622502,29-nov-19,30-nov-19,60,60,D99627G02,10-jul-21,Active,JB Hunt,,MX1
MX2,MX1,2374MX,0,HERBALIFE PRO SABOR MIEL-LIMON Y JENGIBRE,3710054361,5710033006,43,288622502,29-nov-19,30-nov-19,22,22,999522D00,01-may-21,Active,JB Hunt,,MX1
MX2,MX1,0370MX,9,CELL-U-LOSS,3710054368,5710033008,18,288622504,29-nov-19,30-nov-19,18,18,369613C09,14-jun-21,Active,JB Hunt,,MX1
MX2,MX3,1829MX,1,PROBIOTIC ADVANTAGE,3710054489,5710033092,42,289777122,04-DEC-2019,07-DEC-2019,30,30,B79529A01,08-may-21,Active,,,MX3
MX2,MX3,2641MX,7,XTRA SHAKE,3710054489,5710033092,18,289777122,04-DEC-2019,07-DEC-2019,72,72,999521B07,29-APR-21,Active,,,MX3
MX2,MX3,0413MX,5,HERBAL ALOE GEL CORPORAL CON ALOE,3710054489,5710033092,36,289777122,04-DEC-2019,07-DEC-2019,36,36,579514C05,30-APR-21,Active,,,MX3
MX2,MX3,4002MX,5,HERBALIFE NUMERO 1 SABOR FRESA,3710054508,5710033109,14,290014637,05-DEC-2019,08-DEC-2019,348,348,999612D05,31-jul-21,Active,,,MX3
MX2,MX3,0774MX,1,HERBALIFE SKIN CREMA HIDRATANTE DE NOCHE,3710054508,5710033109,75,290014637,05-DEC-2019,08-DEC-2019,10,10,579563C01,06-jun-21,Active,,,MX3
MX2,MX3,2631MX,2,HERBAL ALOE CONCENTRADO SABOR MANDARINA,3710054508,5710033109,4,290014637,05-DEC-2019,08-DEC-2019,215,215,999682C02,09-oct-21,,,,MX3
MX2,MX3,298A,0,HLN MEASURING SPOON - WHITE (IMPERIAL) SET OF 10,3710054508,5710033109,31,290014637,05-DEC-2019,08-DEC-2019,150,,,,,,,MX3
MX2,MX3,603481,0,DIPLOMA ASP SIN PIEDRAS/PERSONALIZADO,3710054508,5710033109,91,290014637,05-DEC-2019,08-DEC-2019,3,,,,,,,MX3
MX2,MX3,N487MX,4,DOOR OP -  (100 CARD SET) COMBO2,3710054508,5710033109,45,290014637,05-DEC-2019,08-DEC-2019,100,,,,,,,MX3
MX2,MX3,1610MX,0,HERBAL ALOE CONCENTRADO SABOR UVA,3710054508,5710033109,13,290014637,05-DEC-2019,08-DEC-2019,384,384,999533B00,13-may-21,Active,,,MX3
MX2,MX1,6124MX,1,DOOR OPENERS SCRATCH,3710054365,5710033007,69,288622503,29-nov-19,30-nov-19,1,,,,,JB Hunt,,MX1
MX2,MX1,4000MX,6,HERBALIFE NUMERO 1 SABOR COOKIES & CREAM,3710054365,5710033007,4,288622503,29-nov-19,30-nov-19,408,408,D99607D06,25-jul-21,Active,JB Hunt,,MX1
MX2,MX1,4000MX,6,HERBALIFE NUMERO 1 SABOR COOKIES & CREAM,3710054417,5710033078,4,289654469,04-DEC-2019,05-DEC-2019,84,84,D99607D06,25-jul-21,Active,JB Hunt,,MX1
MX2,MX1,4001MX,5,HERBALIFE NUMERO 1 SABOR PINA COLADA,3710054417,5710033078,25,289654469,04-DEC-2019,05-DEC-2019,24,24,999620A05,07-AUG-21,Active,JB Hunt,,MX1
MX2,MX1,0772MX,3,HERBALIFE SKIN EXFOLIANTE CON ARANDANOS PARA EL CUTIS,3710054417,5710033078,45,289654469,04-DEC-2019,05-DEC-2019,4,4,579491C03,31-mar-21,Active,JB Hunt,,MX1
MX2,MX3,4001MX,5,HERBALIFE NUMERO 1 SABOR PINA COLADA,3710054489,5710033092,35,289777122,04-DEC-2019,07-DEC-2019,36,36,999620A05,07-AUG-21,Active,,,MX3
MX2,MX3,0772MX,3,HERBALIFE SKIN EXFOLIANTE CON ARANDANOS PARA EL CUTIS,3710054489,5710033092,57,289777122,04-DEC-2019,07-DEC-2019,15,15,579492A03,31-mar-21,Active,,,MX3
MX2,MX3,0940MX,2,HERBALIFE NUMERO 1 SABOR DULCE DE LECHE,3710054489,5710033092,22,289777122,04-DEC-2019,07-DEC-2019,60,60,999561G02,07-jun-21,Active,,,MX3
MX2,MX3,602797,1,SOBRE CAPLE/ETIQ PERSONAL,3710054489,5710033092,72,289777122,04-DEC-2019,07-DEC-2019,5,,,,,,,MX3
MX2,MX3,1841MX,4,XTRA-CALCIO ADVANCED,3710054489,5710033092,39,289777122,04-DEC-2019,07-DEC-2019,30,30,999570C04,19-jun-21,Active,,,MX3
MX2,MX3,3115MX,8,HERBALIFE NUMERO 2,3710054508,5710033109,42,290014637,05-DEC-2019,08-DEC-2019,100,100,229520B08,10-APR-21,Active,,,MX3
MX2,MX3,3189MX,11,THERMOJETICS POLVO PARA PREPARAR BEBIDA SABOR PONCHE DE FRUTAS,3710054508,5710033109,64,290014637,05-DEC-2019,08-DEC-2019,48,48,609417A11,04-nov-20,Active,,,MX3
MX2,MX3,8602E,5,PLASTIC BAGS-LARGE (EA),3710054508,5710033109,1,290014637,05-DEC-2019,08-DEC-2019,2000,,,,,,,MX3
MX2,MX1,2631MX,2,HERBAL ALOE CONCENTRADO SABOR MANDARINA,3710054417,5710033078,47,289654469,04-DEC-2019,05-DEC-2019,72,72,999634F02,22-AUG-21,Active,JB Hunt,,MX1
MX2,MX1,308A,0,HLN TABLET BOX - LONG TABLET BOX (SET OF 5),3710054417,5710033078,75,289654469,04-DEC-2019,05-DEC-2019,5,,,,,JB Hunt,,MX1
MX2,MX1,305A,0,HLN TABLET BOX-M SIZE-7 COMP (SET OF 5),3710054417,5710033078,73,289654469,04-DEC-2019,05-DEC-2019,5,,,,,JB Hunt,,MX1
MX2,MX1,299A,0,HLN TABLET BOX-SMALL-7 CMP (SET OF 10),3710054417,5710033078,63,289654469,04-DEC-2019,05-DEC-2019,10,,,,,JB Hunt,,MX1
MX2,MX3,N262MX,2,HERBALIFE CREDENTIAL MB BADGE,3710054489,5710033092,73,289777122,04-DEC-2019,07-DEC-2019,2,,,,,,,MX3
MX2,MX3,1610MX,0,HERBAL ALOE CONCENTRADO SABOR UVA,3710054489,5710033092,15,289777122,04-DEC-2019,07-DEC-2019,95,95,999533B00,13-may-21,Active,,,MX3
MX2,MX3,0884MX,0,HERBALIFE NUMERO 1 SABOR A CHOCO-AVELLANA,3710054489,5710033092,19,289777122,04-DEC-2019,07-DEC-2019,72,72,999691A00,17-oct-21,Active,,,MX3
MX2,MX3,4000MX,6,HERBALIFE NUMERO 1 SABOR COOKIES & CREAM,3710054508,5710033109,3,290014637,05-DEC-2019,08-DEC-2019,2,2,D99470B06,06-mar-21,Active,,,MX3
MX2,MX1,0065MX,11,HERBALIFELINE,3710054369,5710033009,18,288622505,29-nov-19,30-nov-19,5,5,229522A11,02-mar-21,,JB Hunt,,MX1
MX2,MX1,2864MX,8,ACTIVE FIBER COMPLEX SABOR MANZANA,3710054369,5710033009,6,288622505,29-nov-19,30-nov-19,12,12,D99527N08,19-APR-21,Active,JB Hunt,,MX1
MX2,MX1,0565MX,5,XTRA-CAL ADVANCED,3710054369,5710033009,21,288622505,29-nov-19,30-nov-19,2,2,B79513A05,02-APR-21,Active,JB Hunt,,MX1
MX2,MX3,1094MX,9,SCHIZANDRA PLUS,3710054468,5710033081,16,289855192,04-DEC-2019,07-DEC-2019,248,248,369543A09,08-APR-21,Active,,,MX3
MX2,MX3,0065MX,11,HERBALIFELINE,3710054468,5710033081,11,289855192,04-DEC-2019,07-DEC-2019,330,330,229521F11,05-mar-21,,,,MX3
MX2,MX3,0077MX,6,TC FORMULA,3710054468,5710033081,12,289855192,04-DEC-2019,07-DEC-2019,45,45,369568B06,21-may-21,Active,,,MX3
MX2,MX3,0565MX,5,XTRA-CAL ADVANCED,3710054471,5710033100,19,289777168,05-DEC-2019,07-DEC-2019,140,140,B79522B05,03-APR-21,Active,,,MX3
MX2,MX3,6495MX,2,BINDER FOR NUTRITION CLUB,3710054471,5710033100,64,289777168,05-DEC-2019,07-DEC-2019,20,,,,,,,MX3
MX2,MX3,0065MX,11,HERBALIFELINE,3710054471,5710033100,33,289777168,05-DEC-2019,07-DEC-2019,80,80,229521F11,05-mar-21,Active,,,MX3
MX2,MX3,N262MX,2,HERBALIFE CREDENTIAL MB BADGE,3710054471,5710033100,75,289777168,05-DEC-2019,07-DEC-2019,10,,,,,,,MX3
MX2,MX3,296A,0,HLN IMPROVED SHAKER CUP ( SET OF 5),3710054471,5710033100,53,289777168,05-DEC-2019,07-DEC-2019,40,,,,,,,MX3
MX2,MX3,3115MX,8,HERBALIFE NUMERO 2,3710054468,5710033081,47,289855192,04-DEC-2019,07-DEC-2019,56,56,229520B08,10-APR-21,Active,,,MX3
MX2,MX3,3189MX,11,THERMOJETICS POLVO PARA PREPARAR BEBIDA SABOR PONCHE DE FRUTAS,3710054468,5710033081,28,289855192,04-DEC-2019,07-DEC-2019,23,23,609417A11,04-nov-20,Active,,,MX3
MX2,MX3,2864MX,8,ACTIVE FIBER COMPLEX SABOR MANZANA,3710054468,5710033081,3,289855192,04-DEC-2019,07-DEC-2019,350,350,D99523T08,19-APR-21,Active,,,MX3
MX2,MX1,6495MX,1,BINDER FOR NUTRITION CLUB,3710054417,5710033078,71,289654469,04-DEC-2019,05-DEC-2019,8,,,,,JB Hunt,,MX1
MX2,MX3,0079MX,5,ANTI-SNACK,3710054489,5710033092,52,289777122,04-DEC-2019,07-DEC-2019,20,20,B79487E05,12-mar-21,Active,,,MX3
MX2,MX3,1428MX,2,TE VERDE SABOR GRANADA 48 G,3710054471,5710033100,46,289777168,05-DEC-2019,07-DEC-2019,48,48,D99627G02,10-jul-21,Active,,,MX3
MX2,MX3,1473MX,0,HERBALIFE 24 CR7 DRIVE,3710054471,5710033100,48,289777168,05-DEC-2019,07-DEC-2019,48,48,609660B00,06-AUG-21,Active,,,MX3
MX2,MX3,0831MX,3,HERBALIFE COLAGENO,3710054471,5710033100,24,289777168,05-DEC-2019,07-DEC-2019,120,120,D99624X03,06-AUG-21,Active,,,MX3
MX2,MX3,7056MX,2,TOTE BAG,3710054471,5710033100,41,289777168,05-DEC-2019,07-DEC-2019,50,,,,,,,MX3
MX2,MX3,0366MX,4,BARRA CON PROTEINA DELUXE SABOR LIMON,3710054471,5710033100,45,289777168,05-DEC-2019,07-DEC-2019,48,48,G29617A,05-AUG-20,Active,,,MX3
MX2,MX3,0772MX,3,HERBALIFE SKIN EXFOLIANTE CON ARANDANOS PARA EL CUTIS,3710054471,5710033100,65,289777168,05-DEC-2019,07-DEC-2019,15,15,579492A03,31-mar-21,Active,,,MX3
MX2,MX3,N173MX,6,HEALTH ACTIVE LIFE DOOR OPENER CARDS SET OF 41,3710054471,5710033100,74,289777168,05-DEC-2019,07-DEC-2019,10,,,,,,,MX3
MX2,MX3,1841MX,4,XTRA-CALCIO ADVANCED,3710054471,5710033100,29,289777168,05-DEC-2019,07-DEC-2019,96,96,999570C04,19-jun-21,Active,,,MX3
MX2,MX1,0364MX,4,BARRA CON PROTEINA DELUXE SABOR VAINILLA CON ALMENDRAS,3710054368,5710033008,33,288622504,29-nov-19,30-nov-19,24,24,G29570A,19-jun-20,Active,JB Hunt,,MX1
MX2,MX1,0884MX,0,HERBALIFE NUMERO 1 SABOR A CHOCO-AVELLANA,3710054361,5710033006,32,288622502,29-nov-19,30-nov-19,171,171,999691A00,17-oct-21,Active,JB Hunt,,MX1
MX2,MX1,1155MX,18,THERMO-BOND,3710054365,5710033007,20,288622503,29-nov-19,30-nov-19,40,40,C29500A18,31-mar-21,Active,JB Hunt,,MX1
MX2,MX1,0774MX,1,HERBALIFE SKIN CREMA HIDRATANTE DE NOCHE,3710054365,5710033007,50,288622503,29-nov-19,30-nov-19,6,6,579429D01,31-JAN-21,Active,JB Hunt,,MX1
MX2,MX1,690021,0,EXCLUSIVE INTERNAL CONSUMPTION LABEL,3710054365,5710033007,77,288622503,29-nov-19,30-nov-19,25,,,,,JB Hunt,,MX1
MX2,MX1,303A,0,HLN TABLET BOX - XL TABLET BOX (EACH),3710054365,5710033007,78,288622503,29-nov-19,30-nov-19,1,,,,,JB Hunt,,MX1
MX2,MX1,2864MX,8,ACTIVE FIBER COMPLEX SABOR MANZANA,3710054361,5710033006,11,288622502,29-nov-19,30-nov-19,96,96,D99527N08,19-APR-21,Active,JB Hunt,,MX1
MX2,MX1,0899MX,6,HERBALIFE SKIN CREMA HUMECTANTE FPS 30,3710054365,5710033007,56,288622503,29-nov-19,30-nov-19,10,10,579457J06.,26-feb-21,Active,JB Hunt,,MX1
MX2,MX1,0768MX,1,HERBALIFE SKIN SERUM REDUCTOR DE LINEAS DE EXPRESION,3710054365,5710033007,52,288622503,29-nov-19,30-nov-19,5,5,578733B01,30-nov-20,Active,JB Hunt,,MX1
MX2,MX1,4011MX,13,HMP CONTRATO APP/CARD-SPANISH,3710054365,5710033007,65,288622503,29-nov-19,30-nov-19,10,,,,,JB Hunt,,MX1
MX2,MX1,602772,0,PIN MAYORISTA,3710054365,5710033007,76,288622503,29-nov-19,30-nov-19,2,,,,,JB Hunt,,MX1
MX2,MX1,0964MX,3,THERMOJETICS CONCENTRADO DE HIERBAS  G,3710054365,5710033007,7,288622503,29-nov-19,30-nov-19,264,264,D99521M03,17-APR-21,Active,JB Hunt,,MX1
MX2,MX1,2631MX,2,HERBAL ALOE CONCENTRADO SABOR MANDARINA,3710054365,5710033007,47,288622503,29-nov-19,30-nov-19,324,324,999634F02,22-AUG-21,Active,JB Hunt,,MX1
MX2,MX1,N262MX,2,HERBALIFE CREDENTIAL MB BADGE,3710054365,5710033007,68,288622503,29-nov-19,30-nov-19,4,,,,,JB Hunt,,MX1
MX2,MX1,1428MX,2,TE VERDE SABOR GRANADA 48 G,3710054365,5710033007,29,288622503,29-nov-19,30-nov-19,96,96,D99627G02,10-jul-21,Active,JB Hunt,,MX1
MX2,MX1,602785,1,DIPLOMA EN COUCHE WT,3710054361,5710033006,65,288622502,29-nov-19,30-nov-19,1,,,,,JB Hunt,,MX1
MX2,MX1,602797,1,SOBRE CAPLE/ETIQ PERSONAL,3710054361,5710033006,66,288622502,29-nov-19,30-nov-19,5,,,,,JB Hunt,,MX1
MX2,MX1,298A,0,HLN MEASURING SPOON - WHITE (IMPERIAL) SET OF 10,3710054361,5710033006,62,288622502,29-nov-19,30-nov-19,10,,,,,JB Hunt,,MX1
MX2,MX1,1065MX,8,HERBAL ALOE CONCENTRADO - SABOR MANGO,3710054368,5710033008,9,288622504,29-nov-19,30-nov-19,12,12,999668B08,25-sep-21,Active,JB Hunt,,MX1
MX2,MX3,4002MX,4,HERBALIFE NUMERO 1 SABOR FRESA,3710054508,5710033109,14,290014637,05-DEC-2019,08-DEC-2019,12,12,9986150000,03-AUG-20,Active,,,MX3
MX2,MX3,0765MX,2,HERBALIFE SKIN GEL LIMPIADOR DE SABILA,3710054508,5710033109,72,290014637,05-DEC-2019,08-DEC-2019,20,20,579449B02,28-feb-21,Active,,,MX3
MX2,MX3,4011MX,14,HMP CONTRATO APP/CARD-SPANISH,3710054508,5710033109,44,290014637,05-DEC-2019,08-DEC-2019,100,,,,,,,MX3
MX2,MX3,2644MX,2,XTRA SHAKE SABOR A NUEZ,3710054508,5710033109,55,290014637,05-DEC-2019,08-DEC-2019,72,72,99950500,05-mar-21,Active,,,MX3
MX2,MX3,0964MX,3,THERMOJETICS CONCENTRADO DE HIERBAS  G,3710054508,5710033109,20,290014637,05-DEC-2019,08-DEC-2019,240,240,D99641H03,26-AUG-21,Active,,,MX3
MX2,MX3,309A,0,HLN I LOVE HERBALIFE MAGNETIC BUTTON (SET OF 5),3710054508,5710033109,89,290014637,05-DEC-2019,08-DEC-2019,5,,,,,,,MX3
MX2,MX3,417UMX,0,SOUP CONTAINER,3710054508,5710033109,90,290014637,05-DEC-2019,08-DEC-2019,5,,,,,,,MX3
MX2,MX1,1065MX,8,HERBAL ALOE CONCENTRADO - SABOR MANGO,3710054365,5710033007,13,288622503,29-nov-19,30-nov-19,240,240,999668B08,25-sep-21,Active,JB Hunt,,MX1
MX2,MX1,3525MX,4,THERMOJETICS BARRA CON PROTEINA SABOR A CHOCOLATE,3710054365,5710033007,26,288622503,29-nov-19,30-nov-19,96,96,LK29607A04,26-jul-20,Active,JB Hunt,,MX1
MX2,MX1,1417MX,8,HERBALIFE 24 STRENGTH,3710054365,5710033007,46,288622503,29-nov-19,30-nov-19,12,12,D99592E08,09-jul-21,Active,JB Hunt,,MX1
MX2,MX1,0364MX,4,BARRA CON PROTEINA DELUXE SABOR VAINILLA CON ALMENDRAS,3710054369,5710033009,22,288622505,29-nov-19,30-nov-19,12,12,G29570A,19-jun-20,Active,JB Hunt,,MX1
MX2,MX1,1829MX,1,PROBIOTIC ADVANTAGE,3710054369,5710033009,17,288622505,29-nov-19,30-nov-19,7,7,B79410A01,02-JAN-21,Active,JB Hunt,,MX1
MX2,MX1,2792MX,4,HERBALIFE NUMERO 1 BARRA EXPRESS SABOR COOKIES & CREAM,3710054417,5710033078,33,289654469,04-DEC-2019,05-DEC-2019,12,12,LK29560A04,09-jun-20,Active,JB Hunt,,MX1
MX2,MX3,4002MX,5,HERBALIFE NUMERO 1 SABOR FRESA,3710054489,5710033092,16,289777122,04-DEC-2019,07-DEC-2019,84,84,999612D05,31-jul-21,Active,,,MX3
MX2,MX3,0773MX,2,HERBALIFE SKIN MASCARILLA LIMPIADORA DE ARCILLA CON MENTA,3710054489,5710033092,70,289777122,04-DEC-2019,07-DEC-2019,5,5,57957800,26-jun-21,Active,,,MX3
MX2,MX3,0899MX,6,HERBALIFE SKIN CREMA HUMECTANTE FPS 30,3710054489,5710033092,69,289777122,04-DEC-2019,07-DEC-2019,10,10,579457J06,28-feb-21,Active,,,MX3
MX2,MX3,4011MX,14,HMP CONTRATO APP/CARD-SPANISH,3710054489,5710033092,54,289777122,04-DEC-2019,07-DEC-2019,20,,,,,,,MX3
MX2,MX3,602775,2,DIPLOMA SP/PERSONALIZADO,3710054489,5710033092,75,289777122,04-DEC-2019,07-DEC-2019,1,,,,,,,MX3
MX2,MX3,0963MX,4,THERMOJETICS CONCENTRADO DE HIERBAS  51 G,3710054489,5710033092,7,289777122,04-DEC-2019,07-DEC-2019,168,168,D99659C04,11-sep-21,Active,,,MX3
MX2,MX3,0964MX,3,THERMOJETICS CONCENTRADO DE HIERBAS  G,3710054489,5710033092,4,289777122,04-DEC-2019,07-DEC-2019,216,216,D99641H03,26-AUG-21,Active,,,MX3
MX2,MX3,1417MX,6,HERBALIFE 24 STRENGTH,3710054508,5710033109,67,290014637,05-DEC-2019,08-DEC-2019,3,3,D98521C06,25-APR-20,Active,,,MX3
MX2,MX3,0884MX,0,HERBALIFE NUMERO 1 SABOR A CHOCO-AVELLANA,3710054508,5710033109,8,290014637,05-DEC-2019,08-DEC-2019,480,480,999691A00,17-oct-21,Active,,,MX3
MX2,MX1,0940MX,2,HERBALIFE NUMERO 1 SABOR DULCE DE LECHE,3710054417,5710033078,48,289654469,04-DEC-2019,05-DEC-2019,36,36,999598B02,12-jul-21,Active,JB Hunt,,MX1
MX2,MX1,0963MX,4,THERMOJETICS CONCENTRADO DE HIERBAS  51 G,3710054417,5710033078,23,289654469,04-DEC-2019,05-DEC-2019,72,72,D99590V04,27-jun-21,Active,JB Hunt,,MX1
MX2,MX1,335A,0,HLN HERBALIFE  SPORTS BOTTLE,3710054417,5710033078,59,289654469,04-DEC-2019,05-DEC-2019,1,,,,,JB Hunt,,MX1
MX2,MX1,2555MX,1,HERBALIFE NUMERO 1 SABOR PLATANO,3710054417,5710033078,41,289654469,04-DEC-2019,05-DEC-2019,24,24,9994140,14-JAN-21,Active,JB Hunt,,MX1
MX2,MX3,1094MX,9,SCHIZANDRA PLUS,3710054508,5710033109,22,290014637,05-DEC-2019,08-DEC-2019,216,216,369543A09,08-APR-21,Active,,,MX3
MX2,MX3,3525MX,4,THERMOJETICS BARRA CON PROTEINA SABOR A CHOCOLATE,3710054508,5710033109,21,290014637,05-DEC-2019,08-DEC-2019,216,216,LK29648A04,05-sep-20,Active,,,MX3
MX2,MX3,1095MX,7,PROLESSA DUO,3710054508,5710033109,46,290014637,05-DEC-2019,08-DEC-2019,96,96,999677C07,18-mar-21,Active,,,MX3
MX2,MX3,0064MX,2,ARANDANO CON MINERALES VITAMINAS Y LUTEINA,3710054508,5710033109,58,290014637,05-DEC-2019,08-DEC-2019,70,70,369697A02,09-oct-21,Active,,,MX3
MX2,MX3,0364MX,4,BARRA CON PROTEINA DELUXE SABOR VAINILLA CON ALMENDRAS,3710054508,5710033109,54,290014637,05-DEC-2019,08-DEC-2019,72,72,G29519B,29-APR-20,Active,,,MX3
MX2,MX1,0032MX,5,GARLIC PLUS,3710054369,5710033009,14,288622505,29-nov-19,30-nov-19,5,5,229506H05.,23-sep-20,Active,JB Hunt,,MX1
MX2,MX1,3123MX,9,CELL ACTIVATOR,3710054369,5710033009,20,288622505,29-nov-19,30-nov-19,2,2,369590A09,25-jun-21,Active,JB Hunt,,MX1
MX2,MX3,4001MX,5,HERBALIFE NUMERO 1 SABOR PINA COLADA,3710054468,5710033081,34,289855192,04-DEC-2019,07-DEC-2019,47,47,999620A05,07-AUG-21,Active,,,MX3
MX2,MX3,4004MX,5,HERBALIFE NUMERO 1 SABOR VAINILLA,3710054468,5710033081,36,289855192,04-DEC-2019,07-DEC-2019,18,18,999526D05,03-may-21,Active,,,MX3
MX2,MX3,1412MX,5,HERBALIFE 24 HERBALIFE NUMERO 1 SPORT SABOR VAINILLA,3710054468,5710033081,51,289855192,04-DEC-2019,07-DEC-2019,71,71,999599B05,18-jul-21,Active,,,MX3
MX2,MX3,2364MX,1,HERBALIFE NUMERO 2 POLVO,3710054468,5710033081,32,289855192,04-DEC-2019,07-DEC-2019,187,187,999477A01,15-mar-21,Active,,,MX3
MX2,MX3,2792MX,4,HERBALIFE NUMERO 1 BARRA EXPRESS SABOR COOKIES & CREAM,3710054468,5710033081,7,289855192,04-DEC-2019,07-DEC-2019,70,70,LK29695A04,22-oct-20,Active,,,MX3
MX2,MX3,0364MX,4,BARRA CON PROTEINA DELUXE SABOR VAINILLA CON ALMENDRAS,3710054468,5710033081,53,289855192,04-DEC-2019,07-DEC-2019,78,78,G29519B,29-APR-20,Active,,,MX3
MX2,MX3,0370MX,9,CELL-U-LOSS,3710054471,5710033100,26,289777168,05-DEC-2019,07-DEC-2019,108,108,369610C09,14-jun-21,Active,,,MX3
MX2,MX3,0413MX,5,HERBAL ALOE GEL CORPORAL CON ALOE,3710054471,5710033100,56,289777168,05-DEC-2019,07-DEC-2019,36,36,579514C05,30-APR-21,Active,,,MX3
MX2,MX3,4002MX,5,HERBALIFE NUMERO 1 SABOR FRESA,3710054471,5710033100,15,289777168,05-DEC-2019,07-DEC-2019,192,192,999612D05,31-jul-21,Active,,,MX3
MX2,MX3,3525MX,4,THERMOJETICS BARRA CON PROTEINA SABOR A CHOCOLATE,3710054468,5710033081,54,289855192,04-DEC-2019,07-DEC-2019,301,301,LK29648A04,05-sep-20,Active,,,MX3
MX2,MX3,2555MX,1,HERBALIFE NUMERO 1 SABOR PLATANO,3710054468,5710033081,40,289855192,04-DEC-2019,07-DEC-2019,81,81,9994140,14-JAN-21,Active,,,MX3
MX2,MX3,1610MX,0,HERBAL ALOE CONCENTRADO SABOR UVA,3710054468,5710033081,56,289855192,04-DEC-2019,07-DEC-2019,89,89,999533B00,13-may-21,Active,,,MX3
MX2,MX3,2864MX,8,ACTIVE FIBER COMPLEX SABOR MANZANA,3710054471,5710033100,9,289777168,05-DEC-2019,07-DEC-2019,288,288,D99523T08,19-APR-21,Active,,,MX3
MX2,MX3,299A,0,HLN TABLET BOX-SMALL-7 CMP (SET OF 10),3710054471,5710033100,77,289777168,05-DEC-2019,07-DEC-2019,10,,,,,,,MX3
MX2,MX3,0032MX,5,GARLIC PLUS,3710054468,5710033081,18,289855192,04-DEC-2019,07-DEC-2019,232,232,229506H05,23-sep-20,Active,,,MX3
MX2,MX1,0077MX,6,TC FORMULA,3710054417,5710033078,43,289654469,04-DEC-2019,05-DEC-2019,4,4,369639A06,23-jul-21,Active,JB Hunt,,MX1
MX2,MX3,3115MX,8,HERBALIFE NUMERO 2,3710054489,5710033092,40,289777122,04-DEC-2019,07-DEC-2019,30,30,229520B08,10-APR-21,Active,,,MX3
MX2,MX3,0039MX,16,PRELOX AZUL,3710054489,5710033092,64,289777122,04-DEC-2019,07-DEC-2019,10,10,369661A16,18-jul-21,Active,,,MX3
MX2,MX3,3525MX,4,THERMOJETICS BARRA CON PROTEINA SABOR A CHOCOLATE,3710054489,5710033092,28,289777122,04-DEC-2019,07-DEC-2019,48,48,LK29648A04,05-sep-20,Active,,,MX3
MX2,MX3,1412MX,5,HERBALIFE 24 HERBALIFE NUMERO 1 SPORT SABOR VAINILLA,3710054471,5710033100,54,289777168,05-DEC-2019,07-DEC-2019,36,36,999599B05,18-jul-21,Active,,,MX3
MX2,MX3,298A,0,HLN MEASURING SPOON - WHITE (IMPERIAL) SET OF 10,3710054471,5710033100,14,289777168,05-DEC-2019,07-DEC-2019,200,,,,,,,MX3
MX2,MX3,2374MX,0,HERBALIFE PRO SABOR MIEL-LIMON Y JENGIBRE,3710054471,5710033100,47,289777168,05-DEC-2019,07-DEC-2019,48,48,999522A00,01-may-21,Active,,,MX3
MX2,MX3,0940MX,2,HERBALIFE NUMERO 1 SABOR DULCE DE LECHE,3710054468,5710033081,39,289855192,04-DEC-2019,07-DEC-2019,125,125,999561G02,07-jun-21,Active,,,MX3
MX2,MX3,2131MX,1,N-R-G TE SABOR MANZANA VERDE,3710054468,5710033081,31,289855192,04-DEC-2019,07-DEC-2019,182,182,D99543B01,15-may-21,Active,,,MX3
MX2,MX3,3175MX,21,THERMOJETICS POLVO PARA PREPARAR BATIDO SABOR VAINILLA,3710054471,5710033100,28,289777168,05-DEC-2019,07-DEC-2019,96,96,D99597A21,11-jul-21,Active,,,MX3
MX2,MX3,1428MX,2,TE VERDE SABOR GRANADA 48 G,3710054468,5710033081,30,289855192,04-DEC-2019,07-DEC-2019,39,39,D99627G02,10-jul-21,Active,,,MX3
MX2,MX3,0064MX,2,ARANDANO CON MINERALES VITAMINAS Y LUTEINA,3710054471,5710033100,34,289777168,05-DEC-2019,07-DEC-2019,70,70,369697A02,09-oct-21,Active,,,MX3
MX2,MX3,4007MX,5,HERBALIFE NUMERO 1 SABOR FRUTAS TROPICALES,3710054471,5710033100,17,289777168,05-DEC-2019,07-DEC-2019,144,144,999541A05,20-may-21,Active,,,MX3
MX2,MX3,0922MX,4,THERMOJETICS CONCENTRADO DE HIERBAS SABOR LIMON  51 G,3710054471,5710033100,27,289777168,05-DEC-2019,07-DEC-2019,96,96,D99639K04,20-AUG-21,Active,,,MX3
MX2,MX3,2555MX,1,HERBALIFE NUMERO 1 SABOR PLATANO,3710054471,5710033100,31,289777168,05-DEC-2019,07-DEC-2019,96,96,9994140,14-JAN-21,Active,,,MX3
MX2,MX3,2131MX,1,N-R-G TE SABOR MANZANA VERDE,3710054471,5710033100,13,289777168,05-DEC-2019,07-DEC-2019,216,216,D99543B01,15-may-21,Active,,,MX3
MX2,MX1,1417MX,8,HERBALIFE 24 STRENGTH,3710054368,5710033008,39,288622504,29-nov-19,30-nov-19,6,6,D99592E08,09-jul-21,Active,JB Hunt,,MX1
MX2,MX1,0964MX,3,THERMOJETICS CONCENTRADO DE HIERBAS  G,3710054368,5710033008,4,288622504,29-nov-19,30-nov-19,24,24,D99521M03,17-APR-21,Active,JB Hunt,,MX1
MX2,MX1,1061MX,1,WOMAN'S CHOICE,3710054368,5710033008,45,288622504,29-nov-19,30-nov-19,6,6,229617C01,19-jul-21,Active,JB Hunt,,MX1
MX2,MX1,2131MX,1,N-R-G TE SABOR MANZANA VERDE,3710054368,5710033008,36,288622504,29-nov-19,30-nov-19,24,24,D99606F01,22-jul-21,Active,JB Hunt,,MX1
MX2,MX1,2648MX,1,PERSONALIZED PROTEIN POWDER SABOR FRUTOS ROJOS,3710054361,5710033006,40,288622502,29-nov-19,30-nov-19,36,36,999416A01,14-JAN-21,Active,JB Hunt,,MX1
MX2,MX1,0884MX,1,HERBALIFE NUMERO 1 SABOR A CHOCO-AVELLANA,3710054361,5710033006,32,288622502,29-nov-19,30-nov-19,69,69,9996900,16-oct-21,Active,JB Hunt,,MX1
MX2,MX1,2864MX,8,ACTIVE FIBER COMPLEX SABOR MANZANA,3710054365,5710033007,11,288622503,29-nov-19,30-nov-19,216,216,D99527N08,19-APR-21,Active,JB Hunt,,MX1
MX2,MX3,8504MX,1,I LOVE HERBALIFE BUTTON - EA - MX,3710054489,5710033092,53,289777122,04-DEC-2019,07-DEC-2019,20,,,,,,,MX3
MX2,MX1,1412MX,5,HERBALIFE 24 HERBALIFE NUMERO 1 SPORT SABOR VAINILLA,3710054365,5710033007,15,288622503,29-nov-19,30-nov-19,24,24,99953700000,16-may-21,Active,JB Hunt,,MX1
MX2,MX1,0370MX,9,CELL-U-LOSS,3710054361,5710033006,22,288622502,29-nov-19,30-nov-19,52,52,369613C09,14-jun-21,Active,JB Hunt,,MX1
MX2,MX1,0366MX,4,BARRA CON PROTEINA DELUXE SABOR LIMON,3710054361,5710033006,37,288622502,29-nov-19,30-nov-19,24,24,G29617A,05-AUG-20,Active,JB Hunt,,MX1
MX2,MX1,4002MX,5,HERBALIFE NUMERO 1 SABOR FRESA,3710054361,5710033006,12,288622502,29-nov-19,30-nov-19,96,96,999612D05,31-jul-21,Active,JB Hunt,,MX1
MX2,MX1,0773MX,2,HERBALIFE SKIN MASCARILLA LIMPIADORA DE ARCILLA CON MENTA,3710054361,5710033006,46,288622502,29-nov-19,30-nov-19,1,1,57957800,26-jun-21,Active,JB Hunt,,MX1
MX2,MX1,602764,0,PIN ANIVERSARIO 5 ANO,3710054365,5710033007,75,288622503,29-nov-19,30-nov-19,13,,,,,JB Hunt,,MX1
MX2,MX1,1841MX,4,XTRA-CALCIO ADVANCED,3710054365,5710033007,16,288622503,29-nov-19,30-nov-19,26,26,9995220000,02-may-21,Active,JB Hunt,,MX1
MX2,MX1,602779,0,CUADERNILLO ASP3510,3710054361,5710033006,69,288622502,29-nov-19,30-nov-19,1,,,,,JB Hunt,,MX1
MX2,MX1,2631MX,2,HERBAL ALOE CONCENTRADO SABOR MANDARINA,3710054361,5710033006,50,288622502,29-nov-19,30-nov-19,216,216,999634F02,22-AUG-21,Active,JB Hunt,,MX1
MX2,MX1,1841MX,4,XTRA-CALCIO ADVANCED,3710054361,5710033006,17,288622502,29-nov-19,30-nov-19,12,12,9995220000,02-may-21,Active,JB Hunt,,MX1
MX2,MX1,1412MX,5,HERBALIFE 24 HERBALIFE NUMERO 1 SPORT SABOR VAINILLA,3710054361,5710033006,16,288622502,29-nov-19,30-nov-19,16,16,99953700000,16-may-21,Active,JB Hunt,,MX1
MX2,MX1,603480,0,PIN ASP SIN PIEDRAS,3710054361,5710033006,73,288622502,29-nov-19,30-nov-19,2,,,,,JB Hunt,,MX1
MX2,MX1,0831MX,3,HERBALIFE COLAGENO,3710054361,5710033006,54,288622502,29-nov-19,30-nov-19,36,36,D99624B03,06-AUG-21,Active,JB Hunt,,MX1
MX2,MX1,690095,1,HMP LITERATURE,3710054365,5710033007,62,288622503,29-nov-19,30-nov-19,5,,,,,JB Hunt,,MX1
MX2,MX1,044KMX,0,INFUSION HERBAL,3710054365,5710033007,57,288622503,29-nov-19,30-nov-19,264,264,D99696A00,09-oct-21,Active,JB Hunt,,MX1
MX2,MX1,0565MX,5,XTRA-CAL ADVANCED,3710054368,5710033008,32,288622504,29-nov-19,30-nov-19,10,10,B79513A05,02-APR-21,Active,JB Hunt,,MX1
MX2,MX1,1095MX,7,PROLESSA DUO,3710054368,5710033008,14,288622504,29-nov-19,30-nov-19,18,18,999575C07,13-DEC-20,Active,JB Hunt,,MX1
MX2,MX1,1926MX,0,PERSONALIZED PROTEIN POWDER,3710054417,5710033078,2,289654469,04-DEC-2019,05-DEC-2019,72,72,999605A00,22-jul-21,Active,JB Hunt,,MX1
MX2,MX1,2131MX,1,N-R-G TE SABOR MANZANA VERDE,3710054417,5710033078,40,289654469,04-DEC-2019,05-DEC-2019,24,24,D99606F01,22-jul-21,Active,JB Hunt,,MX1
MX2,MX1,1610MX,0,HERBAL ALOE CONCENTRADO SABOR UVA,3710054417,5710033078,30,289654469,04-DEC-2019,05-DEC-2019,24,24,999534D00,14-may-21,Active,JB Hunt,,MX1
MX2,MX3,0772MX,3,HERBALIFE SKIN EXFOLIANTE CON ARANDANOS PARA EL CUTIS,3710054508,5710033109,66,290014637,05-DEC-2019,08-DEC-2019,36,36,579492A03,31-mar-21,Active,,,MX3
MX2,MX3,0899MX,6,HERBALIFE SKIN CREMA HUMECTANTE FPS 30,3710054508,5710033109,69,290014637,05-DEC-2019,08-DEC-2019,30,30,579457J06,28-feb-21,Active,,,MX3
MX2,MX3,0940MX,2,HERBALIFE NUMERO 1 SABOR DULCE DE LECHE,3710054508,5710033109,16,290014637,05-DEC-2019,08-DEC-2019,288,288,999561G02,07-jun-21,Active,,,MX3
MX2,MX3,1428MX,2,TE VERDE SABOR GRANADA 48 G,3710054508,5710033109,29,290014637,05-DEC-2019,08-DEC-2019,168,168,D99627G02,10-jul-21,Active,,,MX3
MX2,MX1,0413MX,5,HERBAL ALOE GEL CORPORAL CON ALOE,3710054369,5710033009,29,288622505,29-nov-19,30-nov-19,3,3,579514C05,30-APR-21,Active,JB Hunt,,MX1
MX2,MX1,0772MX,3,HERBALIFE SKIN EXFOLIANTE CON ARANDANOS PARA EL CUTIS,3710054369,5710033009,27,288622505,29-nov-19,30-nov-19,1,1,579491C03,31-mar-21,Active,JB Hunt,,MX1
MX2,MX1,1019MX,20,HERBAL ALOE CONCENTRADO,3710054417,5710033078,1,289654469,04-DEC-2019,05-DEC-2019,48,48,999660A20,16-sep-21,Active,JB Hunt,,MX1
MX2,MX1,3100MX,23,FLORAFIBER,3710054417,5710033078,7,289654469,04-DEC-2019,05-DEC-2019,6,6,C29460G23,28-feb-21,Active,JB Hunt,,MX1
MX2,MX1,7056MX,2,TOTE BAG,3710054417,5710033078,69,289654469,04-DEC-2019,05-DEC-2019,30,,,,,JB Hunt,,MX1
MX2,MX1,2864MX,8,ACTIVE FIBER COMPLEX SABOR MANZANA,3710054417,5710033078,10,289654469,04-DEC-2019,05-DEC-2019,36,36,D99527N08,19-APR-21,Active,JB Hunt,,MX1
MX2,MX1,3123MX,9,CELL ACTIVATOR,3710054417,5710033078,34,289654469,04-DEC-2019,05-DEC-2019,8,8,369590A09,25-jun-21,Active,JB Hunt,,MX1
MX2,MX1,1094MX,9,SCHIZANDRA PLUS,3710054417,5710033078,18,289654469,04-DEC-2019,05-DEC-2019,16,16,369543A09,08-APR-21,Active,JB Hunt,,MX1
MX2,MX1,0085MX,13,N-R-G TE,3710054417,5710033078,9,289654469,04-DEC-2019,05-DEC-2019,72,72,D99641A13,14-AUG-21,Active,JB Hunt,,MX1
MX2,MX1,4007MX,5,HERBALIFE NUMERO 1 SABOR FRUTAS TROPICALES,3710054417,5710033078,39,289654469,04-DEC-2019,05-DEC-2019,12,12,999513L05,22-APR-21,Active,JB Hunt,,MX1
MX2,MX3,0366MX,4,BARRA CON PROTEINA DELUXE SABOR LIMON,3710054489,5710033092,47,289777122,04-DEC-2019,07-DEC-2019,24,24,G29617A,05-AUG-20,Active,,,MX3
MX2,MX3,4007MX,5,HERBALIFE NUMERO 1 SABOR FRUTAS TROPICALES,3710054489,5710033092,23,289777122,04-DEC-2019,07-DEC-2019,60,60,999541A05,20-may-21,Active,,,MX3
MX2,MX3,0767MX,1,HERBALIFE SKIN TONICO CON ALOE ROMERO Y MANZANILLA,3710054489,5710033092,68,289777122,04-DEC-2019,07-DEC-2019,10,10,579509D01,30-APR-21,Active,,,MX3
MX2,MX3,602774,1,TARJETA PVC PERSONALIZADA,3710054489,5710033092,74,289777122,04-DEC-2019,07-DEC-2019,1,,,,,,,MX3
MX2,MX3,0039MX,16,PRELOX AZUL,3710054508,5710033109,71,290014637,05-DEC-2019,08-DEC-2019,20,20,369661A16,18-jul-21,Active,,,MX3
MX2,MX3,3175MX,20,THERMOJETICS POLVO PARA PREPARAR BATIDO SABOR VAINILLA,3710054508,5710033109,37,290014637,05-DEC-2019,08-DEC-2019,5,5,D98699M20,16-oct-20,Active,,,MX3
MX2,MX3,8504MX,1,I LOVE HERBALIFE BUTTON - EA - MX,3710054508,5710033109,43,290014637,05-DEC-2019,08-DEC-2019,100,,,,,,,MX3
MX2,MX3,0565MX,5,XTRA-CAL ADVANCED,3710054508,5710033109,33,290014637,05-DEC-2019,08-DEC-2019,140,140,B79522B05,03-APR-21,Active,,,MX3
MX2,MX3,3123MX,9,CELL ACTIVATOR,3710054508,5710033109,39,290014637,05-DEC-2019,08-DEC-2019,108,108,369589A09,05-jun-21,Active,,,MX3
MX2,MX3,303A,0,HLN TABLET BOX - XL TABLET BOX (EACH),3710054508,5710033109,81,290014637,05-DEC-2019,08-DEC-2019,10,,,,,,,MX3
MX2,MX3,2555MX,1,HERBALIFE NUMERO 1 SABOR PLATANO,3710054508,5710033109,28,290014637,05-DEC-2019,08-DEC-2019,180,180,9994140,14-JAN-21,Active,,,MX3
MX2,MX1,0773MX,2,HERBALIFE SKIN MASCARILLA LIMPIADORA DE ARCILLA CON MENTA,3710054417,5710033078,44,289654469,04-DEC-2019,05-DEC-2019,3,3,57957800,26-jun-21,Active,JB Hunt,,MX1
MX2,MX1,N173MX,6,HEALTH ACTIVE LIFE DOOR OPENER CARDS SET OF 41,3710054417,5710033078,68,289654469,04-DEC-2019,05-DEC-2019,2,,,,,JB Hunt,,MX1
MX2,MX3,603828,1,MINIPRINTER THERMAL ROLLS,3710054489,5710033092,63,289777122,04-DEC-2019,07-DEC-2019,10,,,,,,,MX3
MX2,MX3,0831MX,3,HERBALIFE COLAGENO,3710054489,5710033092,30,289777122,04-DEC-2019,07-DEC-2019,48,48,D99624X03,06-AUG-21,Active,,,MX3
MX2,MX3,2648MX,1,PERSONALIZED PROTEIN POWDER SABOR FRUTOS ROJOS,3710054489,5710033092,20,289777122,04-DEC-2019,07-DEC-2019,72,72,999416A01,14-JAN-21,Active,,,MX3
MX2,MX3,1065MX,8,HERBAL ALOE CONCENTRADO - SABOR MANGO,3710054508,5710033109,5,290014637,05-DEC-2019,08-DEC-2019,600,600,999548A08,28-may-21,Active,,,MX3
MX2,MX3,2641MX,7,XTRA SHAKE,3710054508,5710033109,53,290014637,05-DEC-2019,08-DEC-2019,72,72,999521B07,29-APR-21,Active,,,MX3
MX2,MX3,1417MX,6,HERBALIFE 24 STRENGTH,3710054508,5710033109,67,290014637,05-DEC-2019,08-DEC-2019,18,18,D98620A06,03-AUG-20,Active,,,MX3
MX2,MX3,3119MX,3,THERMOJETICS POLVO PARA PREPARAR BEBIDAS SABOR PONCHE DE FRUTAS,3710054508,5710033109,11,290014637,05-DEC-2019,08-DEC-2019,396,396,609569A03,13-jun-21,Active,,,MX3
MX2,MX3,4000MX,6,HERBALIFE NUMERO 1 SABOR COOKIES & CREAM,3710054508,5710033109,3,290014637,05-DEC-2019,08-DEC-2019,671,671,D99533A06,06-may-21,Active,,,MX3
MX2,MX1,1610MX,0,HERBAL ALOE CONCENTRADO SABOR UVA,3710054368,5710033008,26,288622504,29-nov-19,30-nov-19,36,36,999534D00,14-may-21,Active,JB Hunt,,MX1
MX2,MX1,0884MX,0,HERBALIFE NUMERO 1 SABOR A CHOCO-AVELLANA,3710054368,5710033008,27,288622504,29-nov-19,30-nov-19,72,72,999691A00,17-oct-21,Active,JB Hunt,,MX1
MX2,MX1,3115MX,8,HERBALIFE NUMERO 2,3710054369,5710033009,4,288622505,29-nov-19,30-nov-19,3,3,229520B08,10-APR-21,Active,JB Hunt,,MX1
MX2,MX3,1829MX,1,PROBIOTIC ADVANTAGE,3710054468,5710033081,2,289855192,04-DEC-2019,07-DEC-2019,96,96,B79529A01,08-may-21,Active,,,MX3
MX2,MX3,2641MX,7,XTRA SHAKE,3710054468,5710033081,5,289855192,04-DEC-2019,07-DEC-2019,72,72,999521B07,29-APR-21,Active,,,MX3
MX2,MX3,2131MX,1,N-R-G TE SABOR MANZANA VERDE,3710054468,5710033081,31,289855192,04-DEC-2019,07-DEC-2019,101,101,D99605H01,17-jul-21,Active,,,MX3
MX2,MX3,S202MX,10,TODAY MAGAZINE MX PROMOTION,3710054471,5710033100,83,289777168,05-DEC-2019,07-DEC-2019,350,,,,,,,MX3
MX2,MX3,3525MX,4,THERMOJETICS BARRA CON PROTEINA SABOR A CHOCOLATE,3710054471,5710033100,23,289777168,05-DEC-2019,07-DEC-2019,120,120,LK29648A04,05-sep-20,Active,,,MX3
MX2,MX3,3525MX,4,THERMOJETICS BARRA CON PROTEINA SABOR A CHOCOLATE,3710054468,5710033081,54,289855192,04-DEC-2019,07-DEC-2019,7,7,LK29646A04,03-sep-20,Active,,,MX3
MX2,MX3,1155MX,18,THERMO-BOND,3710054468,5710033081,45,289855192,04-DEC-2019,07-DEC-2019,258,258,C29591A18,31-may-21,Active,,,MX3
MX2,MX3,4004MX,5,HERBALIFE NUMERO 1 SABOR VAINILLA,3710054468,5710033081,36,289855192,04-DEC-2019,07-DEC-2019,30,30,99954800000,22-may-21,Active,,,MX3
MX2,MX3,4008MX,5,HERBALIFE NUMERO 1 - CHOCO MIX SABOR MOKACCINO,3710054468,5710033081,38,289855192,04-DEC-2019,07-DEC-2019,38,38,999555C05,04-jun-21,Active,,,MX3
MX2,MX3,4007MX,5,HERBALIFE NUMERO 1 SABOR FRUTAS TROPICALES,3710054468,5710033081,37,289855192,04-DEC-2019,07-DEC-2019,77,77,999541A05,20-may-21,Active,,,MX3
MX2,MX1,0065MX,11,HERBALIFELINE,3710054417,5710033078,29,289654469,04-DEC-2019,05-DEC-2019,16,16,229522A11,02-mar-21,,JB Hunt,,MX1
MX2,MX1,3175MX,21,THERMOJETICS POLVO PARA PREPARAR BATIDO SABOR VAINILLA,3710054417,5710033078,77,289654469,04-DEC-2019,05-DEC-2019,24,24,D99597A21,11-jul-21,Active,JB Hunt,,MX1
MX2,MX1,3176MX,18,THERMOJETICS POLVO PARA PREPARAR BATIDO SABOR A CHOCOLATE,3710054417,5710033078,28,289654469,04-DEC-2019,05-DEC-2019,6,6,D99568K18,10-jun-21,Active,JB Hunt,,MX1
MX2,MX3,2792MX,4,HERBALIFE NUMERO 1 BARRA EXPRESS SABOR COOKIES & CREAM,3710054489,5710033092,61,289777122,04-DEC-2019,07-DEC-2019,12,12,LK29695A04,22-oct-20,Active,,,MX3
MX2,MX3,3119MX,3,THERMOJETICS POLVO PARA PREPARAR BEBIDAS SABOR PONCHE DE FRUTAS,3710054489,5710033092,5,289777122,04-DEC-2019,07-DEC-2019,192,192,609569A03,13-jun-21,Active,,,MX3
MX2,MX1,8654MX,8,DOOR OP M(8+9+10+11+12+13) -  (60 CARD SET) COMBO1,3710054417,5710033078,65,289654469,04-DEC-2019,05-DEC-2019,12,,,,,JB Hunt,,MX1
MX2,MX3,0565MX,5,XTRA-CAL ADVANCED,3710054468,5710033081,44,289855192,04-DEC-2019,07-DEC-2019,160,160,B79522B05,03-APR-21,Active,,,MX3
MX2,MX3,1841MX,4,XTRA-CALCIO ADVANCED,3710054468,5710033081,22,289855192,04-DEC-2019,07-DEC-2019,120,120,999570C04,19-jun-21,Active,,,MX3
MX2,MX3,3100MX,23,FLORAFIBER,3710054471,5710033100,18,289777168,05-DEC-2019,07-DEC-2019,140,140,C29460B23,31-JAN-21,Active,,,MX3
MX2,MX3,0032MX,5,GARLIC PLUS,3710054471,5710033100,35,289777168,05-DEC-2019,07-DEC-2019,60,60,229507A05,25-sep-20,Active,,,MX3
MX2,MX3,0964MX,3,THERMOJETICS CONCENTRADO DE HIERBAS  G,3710054471,5710033100,7,289777168,05-DEC-2019,07-DEC-2019,144,144,D99641H03,26-AUG-21,Active,,,MX3
MX2,MX3,2648MX,1,PERSONALIZED PROTEIN POWDER SABOR FRUTOS ROJOS,3710054471,5710033100,16,289777168,05-DEC-2019,07-DEC-2019,192,192,999416A01,14-JAN-21,Active,,,MX3
MX2,MX3,690095,1,HMP LITERATURE,3710054471,5710033100,49,289777168,05-DEC-2019,07-DEC-2019,45,,,,,,,MX3
